evidenceFormat=complete-gradle-output-with-private-path-canonicalization
pathTokens=<repository-root>,<gradle-user-home>,<user-home>
requirement=REQ-JAVA-MAVEN-MODULE-RENAME-PACKAGED-001
phase=RED_ONLY
host=Linux/x86-64
javaHome=/usr/lib/jvm/java-21-openjdk
command=./gradlew --no-daemon --rerun-tasks --no-build-cache :modules:refactorkit-cli:packagedMavenModuleRenameQualificationTest --info --stacktrace --console=plain
openjdk version "21.0.11" 2026-04-21
OpenJDK Runtime Environment (build 21.0.11+10)
OpenJDK 64-Bit Server VM (build 21.0.11+10, mixed mode, sharing)
--- gradle output ---
Initialized native services in: <gradle-user-home>/native
Initialized jansi services in: <gradle-user-home>/native
The current JVM process isn't compatible with build requirement. The maximum heap size is insufficient.

To honour the JVM settings for this build a single-use Daemon process will be forked. For more on this, please refer to https://docs.gradle.org/9.6.1/userguide/gradle_daemon.html#sec:disabling_the_daemon in the Gradle documentation.
Starting process 'Gradle build daemon'. Working directory: <gradle-user-home>/daemon/9.6.1 Command: /usr/lib/jvm/java-21-openjdk/bin/java --add-opens=java.base/java.lang=ALL-UNNAMED --add-opens=java.base/java.lang.invoke=ALL-UNNAMED --add-opens=java.base/java.util=ALL-UNNAMED --add-opens=java.prefs/java.util.prefs=ALL-UNNAMED --add-exports=jdk.compiler/com.sun.tools.javac.api=ALL-UNNAMED --add-exports=jdk.compiler/com.sun.tools.javac.util=ALL-UNNAMED --add-opens=java.base/java.nio.charset=ALL-UNNAMED --add-opens=java.base/java.net=ALL-UNNAMED --add-opens=java.base/java.util.concurrent=ALL-UNNAMED --add-opens=java.base/java.util.concurrent.atomic=ALL-UNNAMED --add-opens=java.xml/javax.xml.namespace=ALL-UNNAMED --add-opens=java.base/java.time=ALL-UNNAMED -Xmx2g -Dfile.encoding=UTF-8 -Duser.country=IT -Duser.language=it -Duser.variant -cp <gradle-user-home>/wrapper/dists/gradle-9.6.1-bin/4ticwg1pgcbps2hj28r8so764/gradle-9.6.1/lib/gradle-daemon-main-9.6.1.jar -javaagent:<gradle-user-home>/wrapper/dists/gradle-9.6.1-bin/4ticwg1pgcbps2hj28r8so764/gradle-9.6.1/lib/agents/gradle-instrumentation-agent-9.6.1.jar org.gradle.launcher.daemon.bootstrap.GradleDaemon 9.6.1
Successfully started process 'Gradle build daemon'
An attempt to start the daemon took 0.353 secs.
The client will now receive all logging from the daemon (pid: 923369). The daemon log file: <gradle-user-home>/daemon/9.6.1/daemon-923369.out.log
Daemon will be stopped at the end of the build 
Using 32 worker leases.
Operational build model parameters: {cachingModelBuilding=false, configurationCache=false, configurationCacheDisabledReason=null, configurationCacheParallelLoad=false, configurationCacheParallelStore=false, configureOnDemand=false, invalidateCoupledProjects=false, isolatedProjects=false, isolatedProjectsDiagnostics=false, modelAsProjectDependency=false, modelBuilding=false, parallelModelBuilding=false, parallelProjectConfiguration=false, parallelProjectExecution=false, resilientModelBuilding=false, vintage=true}
Received JVM installation metadata from '/usr/lib/jvm/java-21-openjdk': {JAVA_HOME=/usr/lib/jvm/java-21-openjdk, JAVA_VERSION=21.0.11, JAVA_VENDOR=Arch Linux, RUNTIME_NAME=OpenJDK Runtime Environment, RUNTIME_VERSION=21.0.11+10, VM_NAME=OpenJDK 64-Bit Server VM, VM_VERSION=21.0.11+10, VM_VENDOR=Arch Linux, OS_ARCH=amd64}
Watching the file system is configured to be enabled if available
Now considering [<repository-root>] as hierarchies to watch
File system watching is active
Starting Build
Settings evaluated using settings file '<repository-root>/settings.gradle.kts'.
Projects loaded. Root project using build file '<repository-root>/build.gradle.kts'.
Included projects: [root project 'refactorkit', project ':modules', project ':modules:refactorkit-cli', project ':modules:refactorkit-core', project ':modules:refactorkit-daemon', project ':modules:refactorkit-java', project ':modules:refactorkit-jvm', project ':modules:refactorkit-kotlin', project ':modules:refactorkit-lsp', project ':modules:refactorkit-mcp', project ':modules:refactorkit-testkit', project ':modules:refactorkit-tree-sitter', project ':modules:refactorkit-typescript', project ':modules:refactorkit-web-importer']

> Configure project :
Evaluating root project 'refactorkit' using build file '<repository-root>/build.gradle.kts'.
Resolved plugin [id: 'org.jetbrains.kotlin.jvm', version: '2.0.21', apply: false]
Resolved plugin [id: 'org.jetbrains.kotlin.plugin.serialization', version: '2.0.21', apply: false]
Resolved plugin [id: 'com.github.spotbugs', version: '6.5.9', apply: false]

> Configure project :modules
Evaluating project ':modules' using build file '<repository-root>/modules/build.gradle'.

> Configure project :modules:refactorkit-cli
Evaluating project ':modules:refactorkit-cli' using build file '<repository-root>/modules/refactorkit-cli/build.gradle.kts'.
Resolved plugin [id: 'org.jetbrains.kotlin.jvm']
Resolved plugin [id: 'org.gradle.application']
Using Kotlin Gradle Plugin gradle85 variant
kotlin scripting plugin: created the scripting discovery configuration: kotlinScriptDef
kotlin scripting plugin: created the scripting discovery configuration: testKotlinScriptDef
kotlin scripting plugin: created the scripting discovery configuration: packagedMavenMoveClassAuthorityTestKotlinScriptDef
kotlin scripting plugin: created the scripting discovery configuration: packagedMavenModuleRenameQualificationTestKotlinScriptDef

> Configure project :modules:refactorkit-core
Evaluating project ':modules:refactorkit-core' using build file '<repository-root>/modules/refactorkit-core/build.gradle.kts'.
Resolved plugin [id: 'org.jetbrains.kotlin.jvm']
Resolved plugin [id: 'org.jetbrains.kotlin.plugin.serialization']
Using Kotlin Gradle Plugin gradle85 variant
kotlin scripting plugin: created the scripting discovery configuration: kotlinScriptDef
kotlin scripting plugin: created the scripting discovery configuration: testKotlinScriptDef

> Configure project :modules:refactorkit-daemon
Evaluating project ':modules:refactorkit-daemon' using build file '<repository-root>/modules/refactorkit-daemon/build.gradle.kts'.
Resolved plugin [id: 'org.jetbrains.kotlin.plugin.serialization']
Resolved plugin [id: 'org.jetbrains.kotlin.jvm']
Resolved plugin [id: 'org.gradle.application']
Using Kotlin Gradle Plugin gradle85 variant
kotlin scripting plugin: created the scripting discovery configuration: kotlinScriptDef
kotlin scripting plugin: created the scripting discovery configuration: testKotlinScriptDef

> Configure project :modules:refactorkit-java
Evaluating project ':modules:refactorkit-java' using build file '<repository-root>/modules/refactorkit-java/build.gradle.kts'.
Resolved plugin [id: 'org.jetbrains.kotlin.jvm']
Using Kotlin Gradle Plugin gradle85 variant
kotlin scripting plugin: created the scripting discovery configuration: kotlinScriptDef
kotlin scripting plugin: created the scripting discovery configuration: testKotlinScriptDef

> Configure project :modules:refactorkit-jvm
Evaluating project ':modules:refactorkit-jvm' using build file '<repository-root>/modules/refactorkit-jvm/build.gradle.kts'.
Resolved plugin [id: 'org.jetbrains.kotlin.jvm']
Using Kotlin Gradle Plugin gradle85 variant
kotlin scripting plugin: created the scripting discovery configuration: kotlinScriptDef
kotlin scripting plugin: created the scripting discovery configuration: testKotlinScriptDef

> Configure project :modules:refactorkit-kotlin
Evaluating project ':modules:refactorkit-kotlin' using build file '<repository-root>/modules/refactorkit-kotlin/build.gradle.kts'.
Resolved plugin [id: 'org.jetbrains.kotlin.jvm']
Using Kotlin Gradle Plugin gradle85 variant
kotlin scripting plugin: created the scripting discovery configuration: kotlinScriptDef
kotlin scripting plugin: created the scripting discovery configuration: testKotlinScriptDef

> Configure project :modules:refactorkit-lsp
Evaluating project ':modules:refactorkit-lsp' using build file '<repository-root>/modules/refactorkit-lsp/build.gradle.kts'.
Resolved plugin [id: 'org.jetbrains.kotlin.plugin.serialization']
Resolved plugin [id: 'org.jetbrains.kotlin.jvm']
Resolved plugin [id: 'org.gradle.application']
Using Kotlin Gradle Plugin gradle85 variant
kotlin scripting plugin: created the scripting discovery configuration: kotlinScriptDef
kotlin scripting plugin: created the scripting discovery configuration: testKotlinScriptDef

> Configure project :modules:refactorkit-mcp
Evaluating project ':modules:refactorkit-mcp' using build file '<repository-root>/modules/refactorkit-mcp/build.gradle.kts'.
Resolved plugin [id: 'org.jetbrains.kotlin.plugin.serialization']
Resolved plugin [id: 'org.jetbrains.kotlin.jvm']
Resolved plugin [id: 'org.gradle.application']
Using Kotlin Gradle Plugin gradle85 variant
kotlin scripting plugin: created the scripting discovery configuration: kotlinScriptDef
kotlin scripting plugin: created the scripting discovery configuration: testKotlinScriptDef

> Configure project :modules:refactorkit-testkit
Evaluating project ':modules:refactorkit-testkit' using build file '<repository-root>/modules/refactorkit-testkit/build.gradle.kts'.
Resolved plugin [id: 'org.jetbrains.kotlin.jvm']
Using Kotlin Gradle Plugin gradle85 variant
kotlin scripting plugin: created the scripting discovery configuration: kotlinScriptDef
kotlin scripting plugin: created the scripting discovery configuration: testKotlinScriptDef

> Configure project :modules:refactorkit-tree-sitter
Evaluating project ':modules:refactorkit-tree-sitter' using build file '<repository-root>/modules/refactorkit-tree-sitter/build.gradle.kts'.
Resolved plugin [id: 'org.jetbrains.kotlin.jvm']
Using Kotlin Gradle Plugin gradle85 variant
kotlin scripting plugin: created the scripting discovery configuration: kotlinScriptDef
kotlin scripting plugin: created the scripting discovery configuration: testKotlinScriptDef

> Configure project :modules:refactorkit-typescript
Evaluating project ':modules:refactorkit-typescript' using build file '<repository-root>/modules/refactorkit-typescript/build.gradle.kts'.
Resolved plugin [id: 'org.jetbrains.kotlin.jvm']
Using Kotlin Gradle Plugin gradle85 variant
kotlin scripting plugin: created the scripting discovery configuration: kotlinScriptDef
kotlin scripting plugin: created the scripting discovery configuration: testKotlinScriptDef

> Configure project :modules:refactorkit-web-importer
Evaluating project ':modules:refactorkit-web-importer' using build file '<repository-root>/modules/refactorkit-web-importer/build.gradle.kts'.
Resolved plugin [id: 'org.jetbrains.kotlin.jvm']
Using Kotlin Gradle Plugin gradle85 variant
kotlin scripting plugin: created the scripting discovery configuration: kotlinScriptDef
kotlin scripting plugin: created the scripting discovery configuration: testKotlinScriptDef
All projects evaluated.
Task path ':modules:refactorkit-cli:packagedMavenModuleRenameQualificationTest' matched project ':modules:refactorkit-cli'
Task name matched 'packagedMavenModuleRenameQualificationTest'
Selected primary task 'packagedMavenModuleRenameQualificationTest' from project :modules:refactorkit-cli
Tasks to be executed: [task ':modules:refactorkit-cli:checkKotlinGradlePluginConfigurationErrors', task ':modules:refactorkit-core:checkKotlinGradlePluginConfigurationErrors', task ':modules:refactorkit-core:compileKotlin', task ':modules:refactorkit-core:compileJava', task ':modules:refactorkit-core:processResources', task ':modules:refactorkit-core:classes', task ':modules:refactorkit-core:jar', task ':modules:refactorkit-daemon:checkKotlinGradlePluginConfigurationErrors', task ':modules:refactorkit-java:checkKotlinGradlePluginConfigurationErrors', task ':modules:refactorkit-java:compileKotlin', task ':modules:refactorkit-java:compileJava', task ':modules:refactorkit-java:processResources', task ':modules:refactorkit-java:classes', task ':modules:refactorkit-java:jar', task ':modules:refactorkit-jvm:checkKotlinGradlePluginConfigurationErrors', task ':modules:refactorkit-kotlin:checkKotlinGradlePluginConfigurationErrors', task ':modules:refactorkit-kotlin:compileKotlin', task ':modules:refactorkit-kotlin:compileJava', task ':modules:refactorkit-kotlin:processResources', task ':modules:refactorkit-kotlin:classes', task ':modules:refactorkit-kotlin:jar', task ':modules:refactorkit-jvm:compileKotlin', task ':modules:refactorkit-jvm:compileJava', task ':modules:refactorkit-jvm:processResources', task ':modules:refactorkit-jvm:classes', task ':modules:refactorkit-jvm:jar', task ':modules:refactorkit-tree-sitter:checkKotlinGradlePluginConfigurationErrors', task ':modules:refactorkit-tree-sitter:compileKotlin', task ':modules:refactorkit-tree-sitter:compileJava', task ':modules:refactorkit-tree-sitter:processResources', task ':modules:refactorkit-tree-sitter:classes', task ':modules:refactorkit-tree-sitter:jar', task ':modules:refactorkit-typescript:checkKotlinGradlePluginConfigurationErrors', task ':modules:refactorkit-typescript:compileKotlin', task ':modules:refactorkit-typescript:compileJava', task ':modules:refactorkit-typescript:processResources', task ':modules:refactorkit-typescript:classes', task ':modules:refactorkit-typescript:jar', task ':modules:refactorkit-web-importer:checkKotlinGradlePluginConfigurationErrors', task ':modules:refactorkit-web-importer:compileKotlin', task ':modules:refactorkit-web-importer:compileJava', task ':modules:refactorkit-web-importer:processResources', task ':modules:refactorkit-web-importer:classes', task ':modules:refactorkit-web-importer:jar', task ':modules:refactorkit-daemon:compileKotlin', task ':modules:refactorkit-daemon:compileJava', task ':modules:refactorkit-daemon:processResources', task ':modules:refactorkit-daemon:classes', task ':modules:refactorkit-daemon:jar', task ':modules:refactorkit-testkit:checkKotlinGradlePluginConfigurationErrors', task ':modules:refactorkit-testkit:compileKotlin', task ':modules:refactorkit-testkit:compileJava', task ':modules:refactorkit-testkit:processResources', task ':modules:refactorkit-testkit:classes', task ':modules:refactorkit-testkit:jar', task ':modules:refactorkit-cli:compileKotlin', task ':modules:refactorkit-cli:compileJava', task ':modules:refactorkit-cli:processResources', task ':modules:refactorkit-cli:classes', task ':modules:refactorkit-cli:jar', task ':modules:refactorkit-lsp:checkKotlinGradlePluginConfigurationErrors', task ':modules:refactorkit-lsp:compileKotlin', task ':modules:refactorkit-lsp:compileJava', task ':modules:refactorkit-lsp:processResources', task ':modules:refactorkit-lsp:classes', task ':modules:refactorkit-lsp:jar', task ':modules:refactorkit-mcp:checkKotlinGradlePluginConfigurationErrors', task ':modules:refactorkit-mcp:compileKotlin', task ':modules:refactorkit-mcp:compileJava', task ':modules:refactorkit-mcp:processResources', task ':modules:refactorkit-mcp:classes', task ':modules:refactorkit-mcp:jar', task ':modules:refactorkit-cli:compilePackagedMavenModuleRenameQualificationTestKotlin', task ':modules:refactorkit-cli:compilePackagedMavenModuleRenameQualificationTestJava', task ':modules:refactorkit-cli:processPackagedMavenModuleRenameQualificationTestResources', task ':modules:refactorkit-cli:packagedMavenModuleRenameQualificationTestClasses', task ':modules:refactorkit-cli:startScripts', task ':modules:refactorkit-cli:installDist', task ':modules:refactorkit-cli:jlinkRuntime', task ':modules:refactorkit-cli:stageJavaPlatformEvidence', task ':modules:refactorkit-cli:writeBundledLaunchers', task ':modules:refactorkit-cli:refactorkitRuntimeDist', task ':modules:refactorkit-cli:refactorkitRuntimeZip', task ':modules:refactorkit-cli:checksumPackagedMavenModuleRenameQualificationCandidate', task ':modules:refactorkit-cli:preparePackagedMavenModuleRenameQualificationCandidate', task ':modules:refactorkit-cli:packagedMavenModuleRenameQualificationTest']
Tasks that were excluded: []
Resolve mutations for :modules:refactorkit-cli:checkKotlinGradlePluginConfigurationErrors (Thread[#128,Execution worker,5,main]) started.
:modules:refactorkit-cli:checkKotlinGradlePluginConfigurationErrors (Thread[#128,Execution worker,5,main]) started.

> Task :modules:refactorkit-cli:checkKotlinGradlePluginConfigurationErrors SKIPPED
Skipping task ':modules:refactorkit-cli:checkKotlinGradlePluginConfigurationErrors' as task onlyIf 'errorDiagnostics are present' is false.
Resolve mutations for :modules:refactorkit-core:checkKotlinGradlePluginConfigurationErrors (Thread[#128,Execution worker,5,main]) started.
:modules:refactorkit-core:checkKotlinGradlePluginConfigurationErrors (Thread[#128,Execution worker,5,main]) started.

> Task :modules:refactorkit-core:checkKotlinGradlePluginConfigurationErrors SKIPPED
Skipping task ':modules:refactorkit-core:checkKotlinGradlePluginConfigurationErrors' as task onlyIf 'errorDiagnostics are present' is false.
Resolve mutations for :modules:refactorkit-core:compileKotlin (Thread[#128,Execution worker,5,main]) started.
:modules:refactorkit-core:compileKotlin (Thread[#128,Execution worker,5,main]) started.
Resolve mutations for :modules:refactorkit-core:processResources (Thread[#143,Execution worker Thread 16,5,main]) started.
:modules:refactorkit-core:processResources (Thread[#143,Execution worker Thread 16,5,main]) started.

> Task :modules:refactorkit-core:processResources NO-SOURCE
Skipping task ':modules:refactorkit-core:processResources' as it has no source files and no previous output files.
Resolve mutations for :modules:refactorkit-daemon:checkKotlinGradlePluginConfigurationErrors (Thread[#143,Execution worker Thread 16,5,main]) started.
:modules:refactorkit-daemon:checkKotlinGradlePluginConfigurationErrors (Thread[#143,Execution worker Thread 16,5,main]) started.

> Task :modules:refactorkit-daemon:checkKotlinGradlePluginConfigurationErrors SKIPPED
Skipping task ':modules:refactorkit-daemon:checkKotlinGradlePluginConfigurationErrors' as task onlyIf 'errorDiagnostics are present' is false.
Resolve mutations for :modules:refactorkit-java:checkKotlinGradlePluginConfigurationErrors (Thread[#143,Execution worker Thread 16,5,main]) started.
:modules:refactorkit-java:checkKotlinGradlePluginConfigurationErrors (Thread[#143,Execution worker Thread 16,5,main]) started.

> Task :modules:refactorkit-java:checkKotlinGradlePluginConfigurationErrors SKIPPED
Skipping task ':modules:refactorkit-java:checkKotlinGradlePluginConfigurationErrors' as task onlyIf 'errorDiagnostics are present' is false.
Resolve mutations for :modules:refactorkit-java:processResources (Thread[#143,Execution worker Thread 16,5,main]) started.
:modules:refactorkit-java:processResources (Thread[#143,Execution worker Thread 16,5,main]) started.

> Task :modules:refactorkit-java:processResources NO-SOURCE
Skipping task ':modules:refactorkit-java:processResources' as it has no source files and no previous output files.
Resolve mutations for :modules:refactorkit-jvm:checkKotlinGradlePluginConfigurationErrors (Thread[#143,Execution worker Thread 16,5,main]) started.
:modules:refactorkit-jvm:checkKotlinGradlePluginConfigurationErrors (Thread[#143,Execution worker Thread 16,5,main]) started.

> Task :modules:refactorkit-jvm:checkKotlinGradlePluginConfigurationErrors SKIPPED
Skipping task ':modules:refactorkit-jvm:checkKotlinGradlePluginConfigurationErrors' as task onlyIf 'errorDiagnostics are present' is false.
Resolve mutations for :modules:refactorkit-kotlin:checkKotlinGradlePluginConfigurationErrors (Thread[#143,Execution worker Thread 16,5,main]) started.
:modules:refactorkit-kotlin:checkKotlinGradlePluginConfigurationErrors (Thread[#143,Execution worker Thread 16,5,main]) started.

> Task :modules:refactorkit-kotlin:checkKotlinGradlePluginConfigurationErrors SKIPPED
Skipping task ':modules:refactorkit-kotlin:checkKotlinGradlePluginConfigurationErrors' as task onlyIf 'errorDiagnostics are present' is false.
Resolve mutations for :modules:refactorkit-kotlin:processResources (Thread[#143,Execution worker Thread 16,5,main]) started.
:modules:refactorkit-kotlin:processResources (Thread[#143,Execution worker Thread 16,5,main]) started.

> Task :modules:refactorkit-kotlin:processResources NO-SOURCE
Skipping task ':modules:refactorkit-kotlin:processResources' as it has no source files and no previous output files.
Resolve mutations for :modules:refactorkit-jvm:processResources (Thread[#143,Execution worker Thread 16,5,main]) started.
:modules:refactorkit-jvm:processResources (Thread[#143,Execution worker Thread 16,5,main]) started.

> Task :modules:refactorkit-jvm:processResources NO-SOURCE
Skipping task ':modules:refactorkit-jvm:processResources' as it has no source files and no previous output files.
Resolve mutations for :modules:refactorkit-tree-sitter:checkKotlinGradlePluginConfigurationErrors (Thread[#143,Execution worker Thread 16,5,main]) started.
:modules:refactorkit-tree-sitter:checkKotlinGradlePluginConfigurationErrors (Thread[#143,Execution worker Thread 16,5,main]) started.

> Task :modules:refactorkit-tree-sitter:checkKotlinGradlePluginConfigurationErrors SKIPPED
Skipping task ':modules:refactorkit-tree-sitter:checkKotlinGradlePluginConfigurationErrors' as task onlyIf 'errorDiagnostics are present' is false.
Resolve mutations for :modules:refactorkit-tree-sitter:processResources (Thread[#143,Execution worker Thread 16,5,main]) started.
:modules:refactorkit-tree-sitter:processResources (Thread[#143,Execution worker Thread 16,5,main]) started.

> Task :modules:refactorkit-tree-sitter:processResources NO-SOURCE
Skipping task ':modules:refactorkit-tree-sitter:processResources' as it has no source files and no previous output files.
Resolve mutations for :modules:refactorkit-typescript:checkKotlinGradlePluginConfigurationErrors (Thread[#143,Execution worker Thread 16,5,main]) started.
:modules:refactorkit-typescript:checkKotlinGradlePluginConfigurationErrors (Thread[#143,Execution worker Thread 16,5,main]) started.

> Task :modules:refactorkit-typescript:checkKotlinGradlePluginConfigurationErrors SKIPPED
Skipping task ':modules:refactorkit-typescript:checkKotlinGradlePluginConfigurationErrors' as task onlyIf 'errorDiagnostics are present' is false.
Resolve mutations for :modules:refactorkit-typescript:processResources (Thread[#143,Execution worker Thread 16,5,main]) started.
:modules:refactorkit-typescript:processResources (Thread[#143,Execution worker Thread 16,5,main]) started.

> Task :modules:refactorkit-typescript:processResources
Caching disabled for task ':modules:refactorkit-typescript:processResources' because:
  Build cache is disabled
  Not worth caching
Task ':modules:refactorkit-typescript:processResources' is not up-to-date because:
  Executed with '--rerun-tasks'.
Resolve mutations for :modules:refactorkit-web-importer:checkKotlinGradlePluginConfigurationErrors (Thread[#143,Execution worker Thread 16,5,main]) started.
:modules:refactorkit-web-importer:checkKotlinGradlePluginConfigurationErrors (Thread[#143,Execution worker Thread 16,5,main]) started.

> Task :modules:refactorkit-web-importer:checkKotlinGradlePluginConfigurationErrors SKIPPED
Skipping task ':modules:refactorkit-web-importer:checkKotlinGradlePluginConfigurationErrors' as task onlyIf 'errorDiagnostics are present' is false.
Resolve mutations for :modules:refactorkit-web-importer:processResources (Thread[#143,Execution worker Thread 16,5,main]) started.
:modules:refactorkit-web-importer:processResources (Thread[#143,Execution worker Thread 16,5,main]) started.

> Task :modules:refactorkit-web-importer:processResources NO-SOURCE
Skipping task ':modules:refactorkit-web-importer:processResources' as it has no source files and no previous output files.
Resolve mutations for :modules:refactorkit-daemon:processResources (Thread[#143,Execution worker Thread 16,5,main]) started.
:modules:refactorkit-daemon:processResources (Thread[#143,Execution worker Thread 16,5,main]) started.

> Task :modules:refactorkit-daemon:processResources NO-SOURCE
Skipping task ':modules:refactorkit-daemon:processResources' as it has no source files and no previous output files.
Resolve mutations for :modules:refactorkit-testkit:checkKotlinGradlePluginConfigurationErrors (Thread[#143,Execution worker Thread 16,5,main]) started.
:modules:refactorkit-testkit:checkKotlinGradlePluginConfigurationErrors (Thread[#143,Execution worker Thread 16,5,main]) started.

> Task :modules:refactorkit-testkit:checkKotlinGradlePluginConfigurationErrors SKIPPED
Skipping task ':modules:refactorkit-testkit:checkKotlinGradlePluginConfigurationErrors' as task onlyIf 'errorDiagnostics are present' is false.
Resolve mutations for :modules:refactorkit-testkit:processResources (Thread[#143,Execution worker Thread 16,5,main]) started.
:modules:refactorkit-testkit:processResources (Thread[#143,Execution worker Thread 16,5,main]) started.

> Task :modules:refactorkit-testkit:processResources NO-SOURCE
Skipping task ':modules:refactorkit-testkit:processResources' as it has no source files and no previous output files.
Resolve mutations for :modules:refactorkit-cli:processResources (Thread[#143,Execution worker Thread 16,5,main]) started.
:modules:refactorkit-cli:processResources (Thread[#143,Execution worker Thread 16,5,main]) started.

> Task :modules:refactorkit-cli:processResources NO-SOURCE
Skipping task ':modules:refactorkit-cli:processResources' as it has no source files and no previous output files.
Resolve mutations for :modules:refactorkit-lsp:checkKotlinGradlePluginConfigurationErrors (Thread[#143,Execution worker Thread 16,5,main]) started.
:modules:refactorkit-lsp:checkKotlinGradlePluginConfigurationErrors (Thread[#143,Execution worker Thread 16,5,main]) started.

> Task :modules:refactorkit-lsp:checkKotlinGradlePluginConfigurationErrors SKIPPED
Skipping task ':modules:refactorkit-lsp:checkKotlinGradlePluginConfigurationErrors' as task onlyIf 'errorDiagnostics are present' is false.
Resolve mutations for :modules:refactorkit-lsp:processResources (Thread[#143,Execution worker Thread 16,5,main]) started.
:modules:refactorkit-lsp:processResources (Thread[#143,Execution worker Thread 16,5,main]) started.

> Task :modules:refactorkit-lsp:processResources NO-SOURCE
Skipping task ':modules:refactorkit-lsp:processResources' as it has no source files and no previous output files.
Resolve mutations for :modules:refactorkit-mcp:checkKotlinGradlePluginConfigurationErrors (Thread[#143,Execution worker Thread 16,5,main]) started.
:modules:refactorkit-mcp:checkKotlinGradlePluginConfigurationErrors (Thread[#143,Execution worker Thread 16,5,main]) started.

> Task :modules:refactorkit-mcp:checkKotlinGradlePluginConfigurationErrors SKIPPED
Skipping task ':modules:refactorkit-mcp:checkKotlinGradlePluginConfigurationErrors' as task onlyIf 'errorDiagnostics are present' is false.
Resolve mutations for :modules:refactorkit-mcp:processResources (Thread[#143,Execution worker Thread 16,5,main]) started.
:modules:refactorkit-mcp:processResources (Thread[#143,Execution worker Thread 16,5,main]) started.

> Task :modules:refactorkit-mcp:processResources NO-SOURCE
Skipping task ':modules:refactorkit-mcp:processResources' as it has no source files and no previous output files.
Resolve mutations for :modules:refactorkit-cli:processPackagedMavenModuleRenameQualificationTestResources (Thread[#143,Execution worker Thread 16,5,main]) started.
:modules:refactorkit-cli:processPackagedMavenModuleRenameQualificationTestResources (Thread[#143,Execution worker Thread 16,5,main]) started.

> Task :modules:refactorkit-cli:processPackagedMavenModuleRenameQualificationTestResources
Caching disabled for task ':modules:refactorkit-cli:processPackagedMavenModuleRenameQualificationTestResources' because:
  Build cache is disabled
  Not worth caching
Task ':modules:refactorkit-cli:processPackagedMavenModuleRenameQualificationTestResources' is not up-to-date because:
  Executed with '--rerun-tasks'.
Resolve mutations for :modules:refactorkit-cli:jlinkRuntime (Thread[#143,Execution worker Thread 16,5,main]) started.
:modules:refactorkit-cli:jlinkRuntime (Thread[#143,Execution worker Thread 16,5,main]) started.

> Task :modules:refactorkit-core:compileKotlin
Caching disabled for task ':modules:refactorkit-core:compileKotlin' because:
  Build cache is disabled
Task ':modules:refactorkit-core:compileKotlin' is not up-to-date because:
  Executed with '--rerun-tasks'.
The input changes require a full rebuild for incremental task ':modules:refactorkit-core:compileKotlin'.
file or directory '<repository-root>/modules/refactorkit-core/src/main/java', not found
file or directory '<repository-root>/modules/refactorkit-core/src/main/java', not found
file or directory '<repository-root>/modules/refactorkit-core/src/main/java', not found
file or directory '<repository-root>/modules/refactorkit-core/src/main/java', not found
Kotlin source files: <repository-root>/modules/refactorkit-core/src/main/kotlin/org/refactorkit/core/Models.kt, <repository-root>/modules/refactorkit-core/src/main/kotlin/org/refactorkit/core/TextEdits.kt, <repository-root>/modules/refactorkit-core/src/main/kotlin/org/refactorkit/core/PatchPreview.kt, <repository-root>/modules/refactorkit-core/src/main/kotlin/org/refactorkit/core/TransactionDto.kt, <repository-root>/modules/refactorkit-core/src/main/kotlin/org/refactorkit/core/TransactionLog.kt, <repository-root>/modules/refactorkit-core/src/main/kotlin/org/refactorkit/core/JsonRpc.kt, <repository-root>/modules/refactorkit-core/src/main/kotlin/org/refactorkit/core/RefactorKitVersion.kt, <repository-root>/modules/refactorkit-core/src/main/kotlin/org/refactorkit/core/TransactionJournal.kt, <repository-root>/modules/refactorkit-core/src/main/kotlin/org/refactorkit/core/PatchEngine.kt, <repository-root>/modules/refactorkit-core/src/main/kotlin/org/refactorkit/core/ClasspathEvidence.kt, <repository-root>/modules/refactorkit-core/src/main/kotlin/org/refactorkit/core/WorkspaceEditSimulator.kt, <repository-root>/modules/refactorkit-core/src/main/kotlin/org/refactorkit/core/DiagnosticsGate.kt, <repository-root>/modules/refactorkit-core/src/main/kotlin/org/refactorkit/core/ProtocolLimits.kt, <repository-root>/modules/refactorkit-core/src/main/kotlin/org/refactorkit/core/FilesystemDurability.kt, <repository-root>/modules/refactorkit-core/src/main/kotlin/org/refactorkit/core/ProtocolPath.kt, <repository-root>/modules/refactorkit-core/src/main/kotlin/org/refactorkit/core/PatchDiff.kt, <repository-root>/modules/refactorkit-core/src/main/kotlin/org/refactorkit/core/BuildModels.kt, <repository-root>/modules/refactorkit-core/src/main/kotlin/org/refactorkit/core/BuildModelQueries.kt, <repository-root>/modules/refactorkit-core/src/main/kotlin/org/refactorkit/core/LanguageAdapterRegistry.kt, <repository-root>/modules/refactorkit-core/src/main/kotlin/org/refactorkit/core/ExternalSemanticProcessManager.kt, <repository-root>/modules/refactorkit-core/src/main/kotlin/org/refactorkit/core/ExternalWorkspaceEditNormalizer.kt, <repository-root>/modules/refactorkit-core/src/main/kotlin/org/refactorkit/core/SemanticWorkspaceOverlay.kt, <repository-root>/modules/refactorkit-core/src/main/kotlin/org/refactorkit/core/LanguageCapabilityProtocol.kt, <repository-root>/modules/refactorkit-core/src/main/kotlin/org/refactorkit/core/WorkspaceIndex.kt, <repository-root>/modules/refactorkit-core/src/main/kotlin/org/refactorkit/core/SemanticQuery.kt, <repository-root>/modules/refactorkit-core/src/main/kotlin/org/refactorkit/core/ImmutableEditorOverlay.kt, <repository-root>/modules/refactorkit-core/src/main/kotlin/org/refactorkit/core/PendingPlanStore.kt, <repository-root>/modules/refactorkit-core/src/main/kotlin/org/refactorkit/core/ManagedRollbackExecutor.kt, <repository-root>/modules/refactorkit-core/src/main/kotlin/org/refactorkit/core/WorkspaceSnapshotComposer.kt, <repository-root>/modules/refactorkit-core/src/main/kotlin/org/refactorkit/core/AuthoritativeDiagnosticsEvaluation.kt
Java source files: 
Script source files: 
Script file extensions: 
Using Kotlin/JVM incremental compilation
[KOTLIN] Kotlin compilation 'jdkHome' argument: /usr/lib/jvm/java-21-openjdk
i: starting the daemon as: /usr/lib/jvm/java-21-openjdk/bin/java -cp <gradle-user-home>/caches/modules-2/files-2.1/org.jetbrains.kotlin/kotlin-compiler-embeddable/2.0.21/79346ed53db48b18312a472602eb5c057070c54d/kotlin-compiler-embeddable-2.0.21.jar:<gradle-user-home>/caches/modules-2/files-2.1/org.jetbrains.kotlin/kotlin-stdlib/2.0.21/618b539767b4899b4660a83006e052b63f1db551/kotlin-stdlib-2.0.21.jar:<gradle-user-home>/caches/modules-2/files-2.1/org.jetbrains.kotlin/kotlin-script-runtime/2.0.21/c9b044380ad41f89aa89aa896c2d32a8c0b2129d/kotlin-script-runtime-2.0.21.jar:<gradle-user-home>/caches/modules-2/files-2.1/org.jetbrains.kotlin/kotlin-reflect/1.6.10/1cbe9c92c12a94eea200d23c2bbaedaf3daf5132/kotlin-reflect-1.6.10.jar:<gradle-user-home>/caches/modules-2/files-2.1/org.jetbrains.kotlin/kotlin-daemon-embeddable/2.0.21/c9e933b23287de9b5a17e2116b4657bb91aea72c/kotlin-daemon-embeddable-2.0.21.jar:<gradle-user-home>/caches/modules-2/files-2.1/org.jetbrains.intellij.deps/trove4j/1.0.20200330/3afb14d5f9ceb459d724e907a21145e8ff394f02/trove4j-1.0.20200330.jar:<gradle-user-home>/caches/modules-2/files-2.1/org.jetbrains.kotlinx/kotlinx-coroutines-core-jvm/1.6.4/2c997cd1c0ef33f3e751d3831929aeff1390cb30/kotlinx-coroutines-core-jvm-1.6.4.jar:<gradle-user-home>/caches/modules-2/files-2.1/org.jetbrains/annotations/13.0/919f0dfe192fb4e063e7dacadee7f8bb9a2672a9/annotations-13.0.jar -Djava.awt.headless=true -Djava.rmi.server.hostname=127.0.0.1 -Xmx2g -XX:ReservedCodeCacheSize=320m -Dkotlin.environment.keepalive -ea -XX:+UseCodeCacheFlushing -XX:+UseParallelGC --add-exports java.base/sun.nio.ch=ALL-UNNAMED org.jetbrains.kotlin.daemon.KotlinCompileDaemon --daemon-runFilesPath <user-home>/.local/share/kotlin/daemon --daemon-autoshutdownIdleSeconds=7200 --daemon-compilerClasspath <gradle-user-home>/caches/modules-2/files-2.1/org.jetbrains.kotlin/kotlin-compiler-embeddable/2.0.21/79346ed53db48b18312a472602eb5c057070c54d/kotlin-compiler-embeddable-2.0.21.jar:<gradle-user-home>/caches/modules-2/files-2.1/org.jetbrains.kotlin/kotlin-stdlib/2.0.21/618b539767b4899b4660a83006e052b63f1db551/kotlin-stdlib-2.0.21.jar:<gradle-user-home>/caches/modules-2/files-2.1/org.jetbrains.kotlin/kotlin-script-runtime/2.0.21/c9b044380ad41f89aa89aa896c2d32a8c0b2129d/kotlin-script-runtime-2.0.21.jar:<gradle-user-home>/caches/modules-2/files-2.1/org.jetbrains.kotlin/kotlin-reflect/1.6.10/1cbe9c92c12a94eea200d23c2bbaedaf3daf5132/kotlin-reflect-1.6.10.jar:<gradle-user-home>/caches/modules-2/files-2.1/org.jetbrains.kotlin/kotlin-daemon-embeddable/2.0.21/c9e933b23287de9b5a17e2116b4657bb91aea72c/kotlin-daemon-embeddable-2.0.21.jar:<gradle-user-home>/caches/modules-2/files-2.1/org.jetbrains.intellij.deps/trove4j/1.0.20200330/3afb14d5f9ceb459d724e907a21145e8ff394f02/trove4j-1.0.20200330.jar:<gradle-user-home>/caches/modules-2/files-2.1/org.jetbrains.kotlinx/kotlinx-coroutines-core-jvm/1.6.4/2c997cd1c0ef33f3e751d3831929aeff1390cb30/kotlinx-coroutines-core-jvm-1.6.4.jar:<gradle-user-home>/caches/modules-2/files-2.1/org.jetbrains/annotations/13.0/919f0dfe192fb4e063e7dacadee7f8bb9a2672a9/annotations-13.0.jar
i: #1 retrying connecting to the daemon 
Options for KOTLIN DAEMON: IncrementalCompilationOptions(super=CompilationOptions(compilerMode=INCREMENTAL_COMPILER, targetPlatform=JVM, reportCategories=[0, 3], reportSeverity=2, requestedCompilationResults=[0], kotlinScriptExtensions=[]), areFileChangesKnown=false, modifiedFiles=null, deletedFiles=null, classpathChanges=NotAvailableForNonIncrementalRun, workingDir=<repository-root>/modules/refactorkit-core/build/kotlin/compileKotlin/cacheable, multiModuleICSettings=MultiModuleICSettings(buildHistoryFile=<repository-root>/modules/refactorkit-core/build/kotlin/compileKotlin/local-state/build-history.bin, useModuleDetection=false), usePreciseJavaTracking=true, icFeatures=IncrementalCompilationFeatures(withAbiSnapshot=false, preciseCompilationResultsBackup=true, keepIncrementalCompilationCachesInMemory=true, enableUnsafeIncrementalCompilationForMultiplatform=false), outputFiles=[<repository-root>/modules/refactorkit-core/build/classes/kotlin/main, <repository-root>/modules/refactorkit-core/build/kotlin/compileKotlin/cacheable, <repository-root>/modules/refactorkit-core/build/kotlin/compileKotlin/local-state])

> Task :modules:refactorkit-cli:jlinkRuntime
Custom actions are attached to task ':modules:refactorkit-cli:jlinkRuntime'.
Caching disabled for task ':modules:refactorkit-cli:jlinkRuntime' because:
  Build cache is disabled
  Gradle would require more information to cache this task
Task ':modules:refactorkit-cli:jlinkRuntime' is not up-to-date because:
  Executed with '--rerun-tasks'.
Starting process 'command '/usr/lib/jvm/java-21-openjdk/bin/jlink''. Working directory: <repository-root>/modules/refactorkit-cli Command: /usr/lib/jvm/java-21-openjdk/bin/jlink --add-modules java.se,jdk.httpserver,jdk.unsupported,jdk.zipfs --strip-debug --no-header-files --no-man-pages --compress=2 --output <repository-root>/modules/refactorkit-cli/build/jlink/runtime
Successfully started process 'command '/usr/lib/jvm/java-21-openjdk/bin/jlink''
Warning: The 2 argument for --compress is deprecated and may be removed in a future release
Resolve mutations for :modules:refactorkit-cli:stageJavaPlatformEvidence (Thread[#143,Execution worker Thread 16,5,main]) started.
:modules:refactorkit-cli:stageJavaPlatformEvidence (Thread[#158,Execution worker Thread 31,5,main]) started.

> Task :modules:refactorkit-cli:stageJavaPlatformEvidence
Custom actions are attached to task ':modules:refactorkit-cli:stageJavaPlatformEvidence'.
Caching disabled for task ':modules:refactorkit-cli:stageJavaPlatformEvidence' because:
  Build cache is disabled
  Gradle would require more information to cache this task
Task ':modules:refactorkit-cli:stageJavaPlatformEvidence' is not up-to-date because:
  Executed with '--rerun-tasks'.
Resolve mutations for :modules:refactorkit-cli:writeBundledLaunchers (Thread[#158,Execution worker Thread 31,5,main]) started.
:modules:refactorkit-cli:writeBundledLaunchers (Thread[#158,Execution worker Thread 31,5,main]) started.

> Task :modules:refactorkit-cli:writeBundledLaunchers
Custom actions are attached to task ':modules:refactorkit-cli:writeBundledLaunchers'.
Caching disabled for task ':modules:refactorkit-cli:writeBundledLaunchers' because:
  Build cache is disabled
  Gradle would require more information to cache this task
Task ':modules:refactorkit-cli:writeBundledLaunchers' is not up-to-date because:
  Executed with '--rerun-tasks'.

> Task :modules:refactorkit-core:compileKotlin
Finished executing kotlin compiler using DAEMON strategy
Resolve mutations for :modules:refactorkit-core:compileJava (Thread[#128,Execution worker,5,main]) started.
:modules:refactorkit-core:compileJava (Thread[#128,Execution worker,5,main]) started.

> Task :modules:refactorkit-core:compileJava NO-SOURCE
Skipping task ':modules:refactorkit-core:compileJava' as it has no source files and no previous output files.
Resolve mutations for :modules:refactorkit-core:classes (Thread[#128,Execution worker,5,main]) started.
:modules:refactorkit-core:classes (Thread[#128,Execution worker,5,main]) started.

> Task :modules:refactorkit-core:classes UP-TO-DATE
Skipping task ':modules:refactorkit-core:classes' as it has no actions.
Resolve mutations for :modules:refactorkit-core:jar (Thread[#128,Execution worker,5,main]) started.
:modules:refactorkit-core:jar (Thread[#128,Execution worker,5,main]) started.

> Task :modules:refactorkit-core:jar
Caching disabled for task ':modules:refactorkit-core:jar' because:
  Build cache is disabled
  Not worth caching
Task ':modules:refactorkit-core:jar' is not up-to-date because:
  Executed with '--rerun-tasks'.
file or directory '<repository-root>/modules/refactorkit-core/build/classes/java/main', not found
file or directory '<repository-root>/modules/refactorkit-core/build/resources/main', not found
work action resolve refactorkit-core-0.7.0-SNAPSHOT.jar (project ':modules:refactorkit-core') (Thread[#128,Execution worker,5,main]) started.
Resolve mutations for :modules:refactorkit-java:compileKotlin (Thread[#127,included builds,5,main]) started.
:modules:refactorkit-java:compileKotlin (Thread[#127,included builds,5,main]) started.
Resolve mutations for :modules:refactorkit-kotlin:compileKotlin (Thread[#129,Execution worker Thread 2,5,main]) started.
:modules:refactorkit-kotlin:compileKotlin (Thread[#129,Execution worker Thread 2,5,main]) started.
Resolve mutations for :modules:refactorkit-tree-sitter:compileKotlin (Thread[#154,Execution worker Thread 27,5,main]) started.
:modules:refactorkit-tree-sitter:compileKotlin (Thread[#154,Execution worker Thread 27,5,main]) started.

> Task :modules:refactorkit-java:compileKotlin
Caching disabled for task ':modules:refactorkit-java:compileKotlin' because:
  Build cache is disabled
Task ':modules:refactorkit-java:compileKotlin' is not up-to-date because:
  Executed with '--rerun-tasks'.
The input changes require a full rebuild for incremental task ':modules:refactorkit-java:compileKotlin'.
file or directory '<repository-root>/modules/refactorkit-java/src/main/java', not found
file or directory '<repository-root>/modules/refactorkit-java/src/main/java', not found
file or directory '<repository-root>/modules/refactorkit-java/src/main/java', not found
file or directory '<repository-root>/modules/refactorkit-java/src/main/java', not found
Kotlin source files: <repository-root>/modules/refactorkit-java/src/main/kotlin/org/refactorkit/java/JavaProjectScanner.kt, <repository-root>/modules/refactorkit-java/src/main/kotlin/org/refactorkit/java/JavaLanguageAdapter.kt, <repository-root>/modules/refactorkit-java/src/main/kotlin/org/refactorkit/java/JavaLanguageSupport.kt, <repository-root>/modules/refactorkit-java/src/main/kotlin/org/refactorkit/java/JavaLexer.kt, <repository-root>/modules/refactorkit-java/src/main/kotlin/org/refactorkit/java/JavaPackageUtil.kt, <repository-root>/modules/refactorkit-java/src/main/kotlin/org/refactorkit/java/JavaSafeDeletePlanner.kt, <repository-root>/modules/refactorkit-java/src/main/kotlin/org/refactorkit/java/JavaRenameClassPlanner.kt, <repository-root>/modules/refactorkit-java/src/main/kotlin/org/refactorkit/java/JavaMoveClassPlanner.kt, <repository-root>/modules/refactorkit-java/src/main/kotlin/org/refactorkit/java/JavaOrganizeImportsPlanner.kt, <repository-root>/modules/refactorkit-java/src/main/kotlin/org/refactorkit/java/recipe/RecipeDefinition.kt, <repository-root>/modules/refactorkit-java/src/main/kotlin/org/refactorkit/java/recipe/RecipeLoader.kt, <repository-root>/modules/refactorkit-java/src/main/kotlin/org/refactorkit/java/recipe/RecipeEngine.kt, <repository-root>/modules/refactorkit-java/src/main/kotlin/org/refactorkit/java/JavaRenameMemberPlanner.kt, <repository-root>/modules/refactorkit-java/src/main/kotlin/org/refactorkit/java/JavaFrameworkDetector.kt, <repository-root>/modules/refactorkit-java/src/main/kotlin/org/refactorkit/java/JavaExtractMethodPlanner.kt, <repository-root>/modules/refactorkit-java/src/main/kotlin/org/refactorkit/java/JavaChangeSignaturePlanner.kt, <repository-root>/modules/refactorkit-java/src/main/kotlin/org/refactorkit/java/JdtJavaSemanticAnalyzer.kt, <repository-root>/modules/refactorkit-java/src/main/kotlin/org/refactorkit/java/JavaGeneratedSourcePolicy.kt, <repository-root>/modules/refactorkit-java/src/main/kotlin/org/refactorkit/java/JavaFormatFilePlanner.kt, <repository-root>/modules/refactorkit-java/src/main/kotlin/org/refactorkit/java/JavaImportTargetResolver.kt, <repository-root>/modules/refactorkit-java/src/main/kotlin/org/refactorkit/java/MavenEffectiveReactorBuilder.kt, <repository-root>/modules/refactorkit-java/src/main/kotlin/org/refactorkit/java/JavaMoveSourceRootPlanner.kt, <repository-root>/modules/refactorkit-java/src/main/kotlin/org/refactorkit/java/JvmBuildModelProviders.kt, <repository-root>/modules/refactorkit-java/src/main/kotlin/org/refactorkit/java/GradleDeclarativeModelBuilder.kt, <repository-root>/modules/refactorkit-java/src/main/kotlin/org/refactorkit/java/JavaAdapterRegistration.kt, <repository-root>/modules/refactorkit-java/src/main/kotlin/org/refactorkit/java/JdtJavaAnalysisCache.kt, <repository-root>/modules/refactorkit-java/src/main/kotlin/org/refactorkit/java/JavaReleasePlatformAuthority.kt, <repository-root>/modules/refactorkit-java/src/main/kotlin/org/refactorkit/java/JavaReleasePlatformClasspath.kt, <repository-root>/modules/refactorkit-java/src/main/kotlin/org/refactorkit/java/JavaMoveAcrossMavenModulesPlanner.kt, <repository-root>/modules/refactorkit-java/src/main/kotlin/org/refactorkit/java/MavenPomDependencyEditor.kt, <repository-root>/modules/refactorkit-java/src/main/kotlin/org/refactorkit/java/JavaCreateMavenModulePlanner.kt, <repository-root>/modules/refactorkit-java/src/main/kotlin/org/refactorkit/java/JavaRenameMavenModulePlanner.kt, <repository-root>/modules/refactorkit-java/src/main/kotlin/org/refactorkit/java/JavaMoveClassTargetAuthority.kt, <repository-root>/modules/refactorkit-java/src/main/kotlin/org/refactorkit/java/MavenSelectedDescriptorAuthorityContext.kt, <repository-root>/modules/refactorkit-java/src/main/kotlin/org/refactorkit/java/JavaMoveClassCandidateReporter.kt, <repository-root>/modules/refactorkit-java/src/main/kotlin/org/refactorkit/java/JavaMoveClassGuidance.kt, <repository-root>/modules/refactorkit-java/src/main/kotlin/org/refactorkit/java/JavaMoveClassGuidanceSupport.kt, <repository-root>/modules/refactorkit-java/src/main/kotlin/org/refactorkit/java/JavaMoveClassGuidanceEvidence.kt, <repository-root>/modules/refactorkit-java/src/main/kotlin/org/refactorkit/java/JavaMoveClassGuidanceCollector.kt, <repository-root>/modules/refactorkit-java/src/main/kotlin/org/refactorkit/java/JavaMoveClassOperationDispatcher.kt, <repository-root>/modules/refactorkit-java/src/main/kotlin/org/refactorkit/java/JavaMoveClassRequestValidator.kt, <repository-root>/modules/refactorkit-java/src/main/kotlin/org/refactorkit/java/JavaMoveClassLexicalFallbackReview.kt, <repository-root>/modules/refactorkit-java/src/main/kotlin/org/refactorkit/java/JavaMoveClassLexicalFallbackReviewJsonProjection.kt, <repository-root>/modules/refactorkit-java/src/main/kotlin/org/refactorkit/java/JavaRefactoringPreviewCommand.kt, <repository-root>/modules/refactorkit-java/src/main/kotlin/org/refactorkit/java/JavaRenameMavenModuleAuthority.kt, <repository-root>/modules/refactorkit-java/src/main/kotlin/org/refactorkit/java/JavaRenameMavenModulePlanning.kt, <repository-root>/modules/refactorkit-java/src/main/kotlin/org/refactorkit/java/JavaRenameMavenModuleStaging.kt, <repository-root>/modules/refactorkit-java/src/main/kotlin/org/refactorkit/java/JavaRenameMavenModuleEvidence.kt, <repository-root>/modules/refactorkit-java/src/main/kotlin/org/refactorkit/java/JavaRenameMavenModuleWorkspace.kt, <repository-root>/modules/refactorkit-java/src/main/kotlin/org/refactorkit/java/JavaRenameMavenModuleContract.kt, <repository-root>/modules/refactorkit-java/src/main/kotlin/org/refactorkit/java/JdtClasspathResourceScope.kt
Java source files: 
Script source files: 
Script file extensions: 
Using Kotlin/JVM incremental compilation
[KOTLIN] Kotlin compilation 'jdkHome' argument: /usr/lib/jvm/java-21-openjdk
Options for KOTLIN DAEMON: IncrementalCompilationOptions(super=CompilationOptions(compilerMode=INCREMENTAL_COMPILER, targetPlatform=JVM, reportCategories=[0, 3], reportSeverity=2, requestedCompilationResults=[0], kotlinScriptExtensions=[]), areFileChangesKnown=false, modifiedFiles=null, deletedFiles=null, classpathChanges=NotAvailableForNonIncrementalRun, workingDir=<repository-root>/modules/refactorkit-java/build/kotlin/compileKotlin/cacheable, multiModuleICSettings=MultiModuleICSettings(buildHistoryFile=<repository-root>/modules/refactorkit-java/build/kotlin/compileKotlin/local-state/build-history.bin, useModuleDetection=false), usePreciseJavaTracking=true, icFeatures=IncrementalCompilationFeatures(withAbiSnapshot=false, preciseCompilationResultsBackup=true, keepIncrementalCompilationCachesInMemory=true, enableUnsafeIncrementalCompilationForMultiplatform=false), outputFiles=[<repository-root>/modules/refactorkit-java/build/classes/kotlin/main, <repository-root>/modules/refactorkit-java/build/kotlin/compileKotlin/cacheable, <repository-root>/modules/refactorkit-java/build/kotlin/compileKotlin/local-state])

> Task :modules:refactorkit-tree-sitter:compileKotlin
Caching disabled for task ':modules:refactorkit-tree-sitter:compileKotlin' because:
  Build cache is disabled
Task ':modules:refactorkit-tree-sitter:compileKotlin' is not up-to-date because:
  Executed with '--rerun-tasks'.
The input changes require a full rebuild for incremental task ':modules:refactorkit-tree-sitter:compileKotlin'.
file or directory '<repository-root>/modules/refactorkit-tree-sitter/src/main/java', not found
file or directory '<repository-root>/modules/refactorkit-tree-sitter/src/main/java', not found
file or directory '<repository-root>/modules/refactorkit-tree-sitter/src/main/java', not found
file or directory '<repository-root>/modules/refactorkit-tree-sitter/src/main/java', not found
Kotlin source files: <repository-root>/modules/refactorkit-tree-sitter/src/main/kotlin/org/refactorkit/treesitter/TreeSitterAdapter.kt, <repository-root>/modules/refactorkit-tree-sitter/src/main/kotlin/org/refactorkit/treesitter/GenericOutline.kt, <repository-root>/modules/refactorkit-tree-sitter/src/main/kotlin/org/refactorkit/treesitter/GenericStructuralSearch.kt, <repository-root>/modules/refactorkit-tree-sitter/src/main/kotlin/org/refactorkit/treesitter/ExternalLspAdapter.kt, <repository-root>/modules/refactorkit-tree-sitter/src/main/kotlin/org/refactorkit/treesitter/GenericProjectScanner.kt, <repository-root>/modules/refactorkit-tree-sitter/src/main/kotlin/org/refactorkit/treesitter/GenericLocalRenamePlanner.kt, <repository-root>/modules/refactorkit-tree-sitter/src/main/kotlin/org/refactorkit/treesitter/CommentLiteralFilter.kt, <repository-root>/modules/refactorkit-tree-sitter/src/main/kotlin/org/refactorkit/treesitter/LspJson.kt, <repository-root>/modules/refactorkit-tree-sitter/src/main/kotlin/org/refactorkit/treesitter/TreeSitterNativeBinding.kt, <repository-root>/modules/refactorkit-tree-sitter/src/main/kotlin/org/refactorkit/treesitter/ExternalLspWorkspaceEditParser.kt, <repository-root>/modules/refactorkit-tree-sitter/src/main/kotlin/org/refactorkit/treesitter/BonedeTreeSitterBinding.kt, <repository-root>/modules/refactorkit-tree-sitter/src/main/kotlin/org/refactorkit/treesitter/TreeSitterAdapterDescriptors.kt, <repository-root>/modules/refactorkit-tree-sitter/src/main/kotlin/org/refactorkit/treesitter/LspDocumentSymbolParser.kt, <repository-root>/modules/refactorkit-tree-sitter/src/main/kotlin/org/refactorkit/treesitter/LspSemanticSymbolId.kt, <repository-root>/modules/refactorkit-tree-sitter/src/main/kotlin/org/refactorkit/treesitter/LspHoverParser.kt, <repository-root>/modules/refactorkit-tree-sitter/src/main/kotlin/org/refactorkit/treesitter/LspCompletionParser.kt, <repository-root>/modules/refactorkit-tree-sitter/src/main/kotlin/org/refactorkit/treesitter/LspSignatureHelpParser.kt
Java source files: 
Script source files: 
Script file extensions: 
Using Kotlin/JVM incremental compilation
[KOTLIN] Kotlin compilation 'jdkHome' argument: /usr/lib/jvm/java-21-openjdk
Options for KOTLIN DAEMON: IncrementalCompilationOptions(super=CompilationOptions(compilerMode=INCREMENTAL_COMPILER, targetPlatform=JVM, reportCategories=[0, 3], reportSeverity=2, requestedCompilationResults=[0], kotlinScriptExtensions=[]), areFileChangesKnown=false, modifiedFiles=null, deletedFiles=null, classpathChanges=NotAvailableForNonIncrementalRun, workingDir=<repository-root>/modules/refactorkit-tree-sitter/build/kotlin/compileKotlin/cacheable, multiModuleICSettings=MultiModuleICSettings(buildHistoryFile=<repository-root>/modules/refactorkit-tree-sitter/build/kotlin/compileKotlin/local-state/build-history.bin, useModuleDetection=false), usePreciseJavaTracking=true, icFeatures=IncrementalCompilationFeatures(withAbiSnapshot=false, preciseCompilationResultsBackup=true, keepIncrementalCompilationCachesInMemory=true, enableUnsafeIncrementalCompilationForMultiplatform=false), outputFiles=[<repository-root>/modules/refactorkit-tree-sitter/build/classes/kotlin/main, <repository-root>/modules/refactorkit-tree-sitter/build/kotlin/compileKotlin/cacheable, <repository-root>/modules/refactorkit-tree-sitter/build/kotlin/compileKotlin/local-state])
Finished executing kotlin compiler using DAEMON strategy
Resolve mutations for :modules:refactorkit-tree-sitter:compileJava (Thread[#154,Execution worker Thread 27,5,main]) started.
:modules:refactorkit-tree-sitter:compileJava (Thread[#154,Execution worker Thread 27,5,main]) started.

> Task :modules:refactorkit-tree-sitter:compileJava NO-SOURCE
Skipping task ':modules:refactorkit-tree-sitter:compileJava' as it has no source files and no previous output files.
Resolve mutations for :modules:refactorkit-tree-sitter:classes (Thread[#154,Execution worker Thread 27,5,main]) started.
:modules:refactorkit-tree-sitter:classes (Thread[#154,Execution worker Thread 27,5,main]) started.

> Task :modules:refactorkit-tree-sitter:classes UP-TO-DATE
Skipping task ':modules:refactorkit-tree-sitter:classes' as it has no actions.
Resolve mutations for :modules:refactorkit-tree-sitter:jar (Thread[#154,Execution worker Thread 27,5,main]) started.
:modules:refactorkit-tree-sitter:jar (Thread[#154,Execution worker Thread 27,5,main]) started.

> Task :modules:refactorkit-tree-sitter:jar
Caching disabled for task ':modules:refactorkit-tree-sitter:jar' because:
  Build cache is disabled
  Not worth caching
Task ':modules:refactorkit-tree-sitter:jar' is not up-to-date because:
  Executed with '--rerun-tasks'.
file or directory '<repository-root>/modules/refactorkit-tree-sitter/build/classes/java/main', not found
file or directory '<repository-root>/modules/refactorkit-tree-sitter/build/resources/main', not found
work action resolve refactorkit-tree-sitter-0.7.0-SNAPSHOT.jar (project ':modules:refactorkit-tree-sitter') (Thread[#144,Execution worker Thread 17,5,main]) started.
Resolve mutations for :modules:refactorkit-typescript:compileKotlin (Thread[#133,Execution worker Thread 6,5,main]) started.
:modules:refactorkit-typescript:compileKotlin (Thread[#133,Execution worker Thread 6,5,main]) started.

> Task :modules:refactorkit-kotlin:compileKotlin
Caching disabled for task ':modules:refactorkit-kotlin:compileKotlin' because:
  Build cache is disabled
Task ':modules:refactorkit-kotlin:compileKotlin' is not up-to-date because:
  Executed with '--rerun-tasks'.
The input changes require a full rebuild for incremental task ':modules:refactorkit-kotlin:compileKotlin'.
Kotlin source files: <repository-root>/modules/refactorkit-kotlin/src/main/kotlin/org/refactorkit/kotlin/KotlinLanguageAdapter.kt, <repository-root>/modules/refactorkit-kotlin/src/main/kotlin/org/refactorkit/kotlin/KotlinToolchainDiscovery.kt, <repository-root>/modules/refactorkit-kotlin/src/main/kotlin/org/refactorkit/kotlin/KotlinJvmBuildModel.kt, <repository-root>/modules/refactorkit-kotlin/src/main/kotlin/org/refactorkit/kotlin/KotlinCompilerDiagnostics.kt, <repository-root>/modules/refactorkit-kotlin/src/main/kotlin/org/refactorkit/kotlin/KotlinPrivateDeclarationRenamePlanner.kt, <repository-root>/modules/refactorkit-kotlin/src/main/kotlin/org/refactorkit/kotlin/KotlinOrganizeImportsPlanner.kt, <repository-root>/modules/refactorkit-kotlin/src/main/kotlin/org/refactorkit/kotlin/KotlinChangeSignaturePlanner.kt, <repository-root>/modules/refactorkit-kotlin/src/main/kotlin/org/refactorkit/kotlin/KotlinExtractMethodPlanner.kt
Java source files: <repository-root>/modules/refactorkit-kotlin/src/main/java/org/refactorkit/kotlin/bridge/KotlinCompilerBridgeMain.java, <repository-root>/modules/refactorkit-kotlin/src/main/java/org/refactorkit/kotlin/bridge/KotlinCompilerSymbolExtractor.java, <repository-root>/modules/refactorkit-kotlin/src/main/java/org/refactorkit/kotlin/bridge/KotlinCompilerUsageExtractor.java
Script source files: 
Script file extensions: 
Using Kotlin/JVM incremental compilation
[KOTLIN] Kotlin compilation 'jdkHome' argument: /usr/lib/jvm/java-21-openjdk
Options for KOTLIN DAEMON: IncrementalCompilationOptions(super=CompilationOptions(compilerMode=INCREMENTAL_COMPILER, targetPlatform=JVM, reportCategories=[0, 3], reportSeverity=2, requestedCompilationResults=[0], kotlinScriptExtensions=[]), areFileChangesKnown=false, modifiedFiles=null, deletedFiles=null, classpathChanges=NotAvailableForNonIncrementalRun, workingDir=<repository-root>/modules/refactorkit-kotlin/build/kotlin/compileKotlin/cacheable, multiModuleICSettings=MultiModuleICSettings(buildHistoryFile=<repository-root>/modules/refactorkit-kotlin/build/kotlin/compileKotlin/local-state/build-history.bin, useModuleDetection=false), usePreciseJavaTracking=true, icFeatures=IncrementalCompilationFeatures(withAbiSnapshot=false, preciseCompilationResultsBackup=true, keepIncrementalCompilationCachesInMemory=true, enableUnsafeIncrementalCompilationForMultiplatform=false), outputFiles=[<repository-root>/modules/refactorkit-kotlin/build/classes/kotlin/main, <repository-root>/modules/refactorkit-kotlin/build/kotlin/compileKotlin/cacheable, <repository-root>/modules/refactorkit-kotlin/build/kotlin/compileKotlin/local-state])
Finished executing kotlin compiler using DAEMON strategy
Resolve mutations for :modules:refactorkit-kotlin:compileJava (Thread[#129,Execution worker Thread 2,5,main]) started.
:modules:refactorkit-kotlin:compileJava (Thread[#139,Execution worker Thread 12,5,main]) started.

> Task :modules:refactorkit-kotlin:compileJava
Caching disabled for task ':modules:refactorkit-kotlin:compileJava' because:
  Build cache is disabled
Task ':modules:refactorkit-kotlin:compileJava' is not up-to-date because:
  Executed with '--rerun-tasks'.
The input changes require a full rebuild for incremental task ':modules:refactorkit-kotlin:compileJava'.
Compilation mode: in-process compilation
Full recompilation is required because no incremental change information is available. This is usually caused by clean builds or changing compiler arguments.
Compiling with toolchain '/usr/lib/jvm/java-21-openjdk'.
Compiling with JDK Java compiler API.
warning: [options] source value 8 is obsolete and will be removed in a future release
warning: [options] target value 8 is obsolete and will be removed in a future release
warning: [options] To suppress warnings about obsolete options, use -Xlint:-options.
Note: <repository-root>/modules/refactorkit-kotlin/src/main/java/org/refactorkit/kotlin/bridge/KotlinCompilerSymbolExtractor.java uses or overrides a deprecated API.
Note: Recompile with -Xlint:deprecation for details.
3 warnings
Class dependency analysis for incremental compilation took 0.008 secs.
Created classpath snapshot for incremental compilation in 0.21 secs.
Resolve mutations for :modules:refactorkit-kotlin:classes (Thread[#139,Execution worker Thread 12,5,main]) started.
:modules:refactorkit-kotlin:classes (Thread[#139,Execution worker Thread 12,5,main]) started.

> Task :modules:refactorkit-kotlin:classes
Skipping task ':modules:refactorkit-kotlin:classes' as it has no actions.
Resolve mutations for :modules:refactorkit-kotlin:jar (Thread[#139,Execution worker Thread 12,5,main]) started.
:modules:refactorkit-kotlin:jar (Thread[#139,Execution worker Thread 12,5,main]) started.

> Task :modules:refactorkit-kotlin:jar
Caching disabled for task ':modules:refactorkit-kotlin:jar' because:
  Build cache is disabled
  Not worth caching
Task ':modules:refactorkit-kotlin:jar' is not up-to-date because:
  Executed with '--rerun-tasks'.
file or directory '<repository-root>/modules/refactorkit-kotlin/build/resources/main', not found
work action resolve refactorkit-kotlin-0.7.0-SNAPSHOT.jar (project ':modules:refactorkit-kotlin') (Thread[#137,Execution worker Thread 10,5,main]) started.

> Task :modules:refactorkit-typescript:compileKotlin
Caching disabled for task ':modules:refactorkit-typescript:compileKotlin' because:
  Build cache is disabled
Task ':modules:refactorkit-typescript:compileKotlin' is not up-to-date because:
  Executed with '--rerun-tasks'.
The input changes require a full rebuild for incremental task ':modules:refactorkit-typescript:compileKotlin'.
file or directory '<repository-root>/modules/refactorkit-typescript/src/main/java', not found
file or directory '<repository-root>/modules/refactorkit-typescript/src/main/java', not found
file or directory '<repository-root>/modules/refactorkit-typescript/src/main/java', not found
file or directory '<repository-root>/modules/refactorkit-typescript/src/main/java', not found
Kotlin source files: <repository-root>/modules/refactorkit-typescript/src/main/kotlin/org/refactorkit/typescript/TypeScriptToolchainDiscovery.kt, <repository-root>/modules/refactorkit-typescript/src/main/kotlin/org/refactorkit/typescript/TypeScriptProjectModel.kt, <repository-root>/modules/refactorkit-typescript/src/main/kotlin/org/refactorkit/typescript/TypeScriptBuildModelProvider.kt, <repository-root>/modules/refactorkit-typescript/src/main/kotlin/org/refactorkit/typescript/TypeScriptSemanticAdapter.kt, <repository-root>/modules/refactorkit-typescript/src/main/kotlin/org/refactorkit/typescript/TypeScriptAdapterDescriptors.kt, <repository-root>/modules/refactorkit-typescript/src/main/kotlin/org/refactorkit/typescript/TypeScriptCompilerDiagnostics.kt, <repository-root>/modules/refactorkit-typescript/src/main/kotlin/org/refactorkit/typescript/TypeScriptDiagnosticsContract.kt, <repository-root>/modules/refactorkit-typescript/src/main/kotlin/org/refactorkit/typescript/TypeScriptDiagnosticsProtocol.kt, <repository-root>/modules/refactorkit-typescript/src/main/kotlin/org/refactorkit/typescript/TypeScriptOrganizeImportsPlanner.kt, <repository-root>/modules/refactorkit-typescript/src/main/kotlin/org/refactorkit/typescript/TypeScriptMoveSymbolPlanner.kt, <repository-root>/modules/refactorkit-typescript/src/main/kotlin/org/refactorkit/typescript/TypeScriptChangeSignaturePlanner.kt, <repository-root>/modules/refactorkit-typescript/src/main/kotlin/org/refactorkit/typescript/TypeScriptExtractMethodPlanner.kt
Java source files: 
Script source files: 
Script file extensions: 
Using Kotlin/JVM incremental compilation
[KOTLIN] Kotlin compilation 'jdkHome' argument: /usr/lib/jvm/java-21-openjdk
Options for KOTLIN DAEMON: IncrementalCompilationOptions(super=CompilationOptions(compilerMode=INCREMENTAL_COMPILER, targetPlatform=JVM, reportCategories=[0, 3], reportSeverity=2, requestedCompilationResults=[0], kotlinScriptExtensions=[]), areFileChangesKnown=false, modifiedFiles=null, deletedFiles=null, classpathChanges=NotAvailableForNonIncrementalRun, workingDir=<repository-root>/modules/refactorkit-typescript/build/kotlin/compileKotlin/cacheable, multiModuleICSettings=MultiModuleICSettings(buildHistoryFile=<repository-root>/modules/refactorkit-typescript/build/kotlin/compileKotlin/local-state/build-history.bin, useModuleDetection=false), usePreciseJavaTracking=true, icFeatures=IncrementalCompilationFeatures(withAbiSnapshot=false, preciseCompilationResultsBackup=true, keepIncrementalCompilationCachesInMemory=true, enableUnsafeIncrementalCompilationForMultiplatform=false), outputFiles=[<repository-root>/modules/refactorkit-typescript/build/classes/kotlin/main, <repository-root>/modules/refactorkit-typescript/build/kotlin/compileKotlin/cacheable, <repository-root>/modules/refactorkit-typescript/build/kotlin/compileKotlin/local-state])
Finished executing kotlin compiler using DAEMON strategy
Resolve mutations for :modules:refactorkit-typescript:compileJava (Thread[#133,Execution worker Thread 6,5,main]) started.
:modules:refactorkit-typescript:compileJava (Thread[#133,Execution worker Thread 6,5,main]) started.

> Task :modules:refactorkit-typescript:compileJava NO-SOURCE
Skipping task ':modules:refactorkit-typescript:compileJava' as it has no source files and no previous output files.
Resolve mutations for :modules:refactorkit-typescript:classes (Thread[#133,Execution worker Thread 6,5,main]) started.
:modules:refactorkit-typescript:classes (Thread[#133,Execution worker Thread 6,5,main]) started.

> Task :modules:refactorkit-typescript:classes
Skipping task ':modules:refactorkit-typescript:classes' as it has no actions.
Resolve mutations for :modules:refactorkit-typescript:jar (Thread[#154,Execution worker Thread 27,5,main]) started.
:modules:refactorkit-typescript:jar (Thread[#154,Execution worker Thread 27,5,main]) started.

> Task :modules:refactorkit-typescript:jar
Caching disabled for task ':modules:refactorkit-typescript:jar' because:
  Build cache is disabled
  Not worth caching
Task ':modules:refactorkit-typescript:jar' is not up-to-date because:
  Executed with '--rerun-tasks'.
file or directory '<repository-root>/modules/refactorkit-typescript/build/classes/java/main', not found
work action resolve refactorkit-typescript-0.7.0-SNAPSHOT.jar (project ':modules:refactorkit-typescript') (Thread[#154,Execution worker Thread 27,5,main]) started.

> Task :modules:refactorkit-java:compileKotlin
w: file://<repository-root>/modules/refactorkit-java/src/main/kotlin/org/refactorkit/java/MavenEffectiveReactorBuilder.kt:13:8 'interface ModelSource : Any, Source' is deprecated. Deprecated in Java.
w: file://<repository-root>/modules/refactorkit-java/src/main/kotlin/org/refactorkit/java/MavenEffectiveReactorBuilder.kt:1380:86 'interface ModelSource : Any, Source' is deprecated. Deprecated in Java.
w: file://<repository-root>/modules/refactorkit-java/src/main/kotlin/org/refactorkit/java/MavenEffectiveReactorBuilder.kt:1383:71 'interface ModelSource : Any, Source' is deprecated. Deprecated in Java.
w: file://<repository-root>/modules/refactorkit-java/src/main/kotlin/org/refactorkit/java/MavenEffectiveReactorBuilder.kt:1386:56 'interface ModelSource : Any, Source' is deprecated. Deprecated in Java.
w: file://<repository-root>/modules/refactorkit-java/src/main/kotlin/org/refactorkit/java/MavenEffectiveReactorBuilder.kt:1389:69 'interface ModelSource : Any, Source' is deprecated. Deprecated in Java.
w: file://<repository-root>/modules/refactorkit-java/src/main/kotlin/org/refactorkit/java/MavenPomDependencyEditor.kt:183:52 Condition is always 'true'.
Finished executing kotlin compiler using DAEMON strategy
Resolve mutations for :modules:refactorkit-java:compileJava (Thread[#127,included builds,5,main]) started.
:modules:refactorkit-java:compileJava (Thread[#127,included builds,5,main]) started.

> Task :modules:refactorkit-java:compileJava NO-SOURCE
Skipping task ':modules:refactorkit-java:compileJava' as it has no source files and no previous output files.
Resolve mutations for :modules:refactorkit-java:classes (Thread[#127,included builds,5,main]) started.
:modules:refactorkit-java:classes (Thread[#127,included builds,5,main]) started.

> Task :modules:refactorkit-java:classes UP-TO-DATE
Skipping task ':modules:refactorkit-java:classes' as it has no actions.
Resolve mutations for :modules:refactorkit-java:jar (Thread[#127,included builds,5,main]) started.
:modules:refactorkit-java:jar (Thread[#127,included builds,5,main]) started.

> Task :modules:refactorkit-java:jar
Caching disabled for task ':modules:refactorkit-java:jar' because:
  Build cache is disabled
  Not worth caching
Task ':modules:refactorkit-java:jar' is not up-to-date because:
  Executed with '--rerun-tasks'.
file or directory '<repository-root>/modules/refactorkit-java/build/classes/java/main', not found
file or directory '<repository-root>/modules/refactorkit-java/build/resources/main', not found
work action resolve refactorkit-java-0.7.0-SNAPSHOT.jar (project ':modules:refactorkit-java') (Thread[#127,included builds,5,main]) started.
Resolve mutations for :modules:refactorkit-jvm:compileKotlin (Thread[#127,included builds,5,main]) started.
:modules:refactorkit-jvm:compileKotlin (Thread[#127,included builds,5,main]) started.
Resolve mutations for :modules:refactorkit-web-importer:compileKotlin (Thread[#152,Execution worker Thread 25,5,main]) started.
:modules:refactorkit-web-importer:compileKotlin (Thread[#152,Execution worker Thread 25,5,main]) started.

> Task :modules:refactorkit-web-importer:compileKotlin
Caching disabled for task ':modules:refactorkit-web-importer:compileKotlin' because:
  Build cache is disabled
Task ':modules:refactorkit-web-importer:compileKotlin' is not up-to-date because:
  Executed with '--rerun-tasks'.
The input changes require a full rebuild for incremental task ':modules:refactorkit-web-importer:compileKotlin'.
file or directory '<repository-root>/modules/refactorkit-web-importer/src/main/java', not found
file or directory '<repository-root>/modules/refactorkit-web-importer/src/main/java', not found
file or directory '<repository-root>/modules/refactorkit-web-importer/src/main/java', not found
file or directory '<repository-root>/modules/refactorkit-web-importer/src/main/java', not found
Kotlin source files: <repository-root>/modules/refactorkit-web-importer/src/main/kotlin/org/refactorkit/webimporter/ExternalJavaClassImporter.kt, <repository-root>/modules/refactorkit-web-importer/src/main/kotlin/org/refactorkit/webimporter/LicenseDetector.kt, <repository-root>/modules/refactorkit-web-importer/src/main/kotlin/org/refactorkit/webimporter/JavaClassSplitter.kt
Java source files: 
Script source files: 
Script file extensions: 
Using Kotlin/JVM incremental compilation
[KOTLIN] Kotlin compilation 'jdkHome' argument: /usr/lib/jvm/java-21-openjdk
Options for KOTLIN DAEMON: IncrementalCompilationOptions(super=CompilationOptions(compilerMode=INCREMENTAL_COMPILER, targetPlatform=JVM, reportCategories=[0, 3], reportSeverity=2, requestedCompilationResults=[0], kotlinScriptExtensions=[]), areFileChangesKnown=false, modifiedFiles=null, deletedFiles=null, classpathChanges=NotAvailableForNonIncrementalRun, workingDir=<repository-root>/modules/refactorkit-web-importer/build/kotlin/compileKotlin/cacheable, multiModuleICSettings=MultiModuleICSettings(buildHistoryFile=<repository-root>/modules/refactorkit-web-importer/build/kotlin/compileKotlin/local-state/build-history.bin, useModuleDetection=false), usePreciseJavaTracking=true, icFeatures=IncrementalCompilationFeatures(withAbiSnapshot=false, preciseCompilationResultsBackup=true, keepIncrementalCompilationCachesInMemory=true, enableUnsafeIncrementalCompilationForMultiplatform=false), outputFiles=[<repository-root>/modules/refactorkit-web-importer/build/classes/kotlin/main, <repository-root>/modules/refactorkit-web-importer/build/kotlin/compileKotlin/cacheable, <repository-root>/modules/refactorkit-web-importer/build/kotlin/compileKotlin/local-state])
Finished executing kotlin compiler using DAEMON strategy
Resolve mutations for :modules:refactorkit-web-importer:compileJava (Thread[#130,Execution worker Thread 3,5,main]) started.
:modules:refactorkit-web-importer:compileJava (Thread[#130,Execution worker Thread 3,5,main]) started.

> Task :modules:refactorkit-web-importer:compileJava NO-SOURCE
Skipping task ':modules:refactorkit-web-importer:compileJava' as it has no source files and no previous output files.
Resolve mutations for :modules:refactorkit-web-importer:classes (Thread[#130,Execution worker Thread 3,5,main]) started.
:modules:refactorkit-web-importer:classes (Thread[#130,Execution worker Thread 3,5,main]) started.

> Task :modules:refactorkit-web-importer:classes UP-TO-DATE
Skipping task ':modules:refactorkit-web-importer:classes' as it has no actions.
Resolve mutations for :modules:refactorkit-web-importer:jar (Thread[#130,Execution worker Thread 3,5,main]) started.
:modules:refactorkit-web-importer:jar (Thread[#130,Execution worker Thread 3,5,main]) started.

> Task :modules:refactorkit-web-importer:jar
Caching disabled for task ':modules:refactorkit-web-importer:jar' because:
  Build cache is disabled
  Not worth caching
Task ':modules:refactorkit-web-importer:jar' is not up-to-date because:
  Executed with '--rerun-tasks'.
file or directory '<repository-root>/modules/refactorkit-web-importer/build/classes/java/main', not found
file or directory '<repository-root>/modules/refactorkit-web-importer/build/resources/main', not found
work action resolve refactorkit-web-importer-0.7.0-SNAPSHOT.jar (project ':modules:refactorkit-web-importer') (Thread[#130,Execution worker Thread 3,5,main]) started.
Resolve mutations for :modules:refactorkit-testkit:compileKotlin (Thread[#130,Execution worker Thread 3,5,main]) started.
:modules:refactorkit-testkit:compileKotlin (Thread[#130,Execution worker Thread 3,5,main]) started.

> Task :modules:refactorkit-jvm:compileKotlin
Caching disabled for task ':modules:refactorkit-jvm:compileKotlin' because:
  Build cache is disabled
Task ':modules:refactorkit-jvm:compileKotlin' is not up-to-date because:
  Executed with '--rerun-tasks'.
The input changes require a full rebuild for incremental task ':modules:refactorkit-jvm:compileKotlin'.
file or directory '<repository-root>/modules/refactorkit-jvm/src/main/java', not found
file or directory '<repository-root>/modules/refactorkit-jvm/src/main/java', not found
file or directory '<repository-root>/modules/refactorkit-jvm/src/main/java', not found
file or directory '<repository-root>/modules/refactorkit-jvm/src/main/java', not found
Kotlin source files: <repository-root>/modules/refactorkit-jvm/src/main/kotlin/org/refactorkit/jvm/KotlinJavaPublicTypeRenamePlanner.kt, <repository-root>/modules/refactorkit-jvm/src/main/kotlin/org/refactorkit/jvm/KotlinManagedDeclarationRenamePlanner.kt, <repository-root>/modules/refactorkit-jvm/src/main/kotlin/org/refactorkit/jvm/JavaEphemeralCompiler.kt, <repository-root>/modules/refactorkit-jvm/src/main/kotlin/org/refactorkit/jvm/JavaKotlinPublicTypeRenamePlanner.kt, <repository-root>/modules/refactorkit-jvm/src/main/kotlin/org/refactorkit/jvm/KotlinJvmMoveDeclarationPlanner.kt, <repository-root>/modules/refactorkit-jvm/src/main/kotlin/org/refactorkit/jvm/ManagedApplyDiagnosticsGateSelector.kt
Java source files: 
Script source files: 
Script file extensions: 
Using Kotlin/JVM incremental compilation
[KOTLIN] Kotlin compilation 'jdkHome' argument: /usr/lib/jvm/java-21-openjdk
Options for KOTLIN DAEMON: IncrementalCompilationOptions(super=CompilationOptions(compilerMode=INCREMENTAL_COMPILER, targetPlatform=JVM, reportCategories=[0, 3], reportSeverity=2, requestedCompilationResults=[0], kotlinScriptExtensions=[]), areFileChangesKnown=false, modifiedFiles=null, deletedFiles=null, classpathChanges=NotAvailableForNonIncrementalRun, workingDir=<repository-root>/modules/refactorkit-jvm/build/kotlin/compileKotlin/cacheable, multiModuleICSettings=MultiModuleICSettings(buildHistoryFile=<repository-root>/modules/refactorkit-jvm/build/kotlin/compileKotlin/local-state/build-history.bin, useModuleDetection=false), usePreciseJavaTracking=true, icFeatures=IncrementalCompilationFeatures(withAbiSnapshot=false, preciseCompilationResultsBackup=true, keepIncrementalCompilationCachesInMemory=true, enableUnsafeIncrementalCompilationForMultiplatform=false), outputFiles=[<repository-root>/modules/refactorkit-jvm/build/classes/kotlin/main, <repository-root>/modules/refactorkit-jvm/build/kotlin/compileKotlin/cacheable, <repository-root>/modules/refactorkit-jvm/build/kotlin/compileKotlin/local-state])
Finished executing kotlin compiler using DAEMON strategy
Resolve mutations for :modules:refactorkit-jvm:compileJava (Thread[#132,Execution worker Thread 5,5,main]) started.
:modules:refactorkit-jvm:compileJava (Thread[#132,Execution worker Thread 5,5,main]) started.

> Task :modules:refactorkit-jvm:compileJava NO-SOURCE
Skipping task ':modules:refactorkit-jvm:compileJava' as it has no source files and no previous output files.
Resolve mutations for :modules:refactorkit-jvm:classes (Thread[#132,Execution worker Thread 5,5,main]) started.
:modules:refactorkit-jvm:classes (Thread[#132,Execution worker Thread 5,5,main]) started.

> Task :modules:refactorkit-jvm:classes UP-TO-DATE
Skipping task ':modules:refactorkit-jvm:classes' as it has no actions.
Resolve mutations for :modules:refactorkit-jvm:jar (Thread[#132,Execution worker Thread 5,5,main]) started.
:modules:refactorkit-jvm:jar (Thread[#132,Execution worker Thread 5,5,main]) started.

> Task :modules:refactorkit-jvm:jar
Caching disabled for task ':modules:refactorkit-jvm:jar' because:
  Build cache is disabled
  Not worth caching
Task ':modules:refactorkit-jvm:jar' is not up-to-date because:
  Executed with '--rerun-tasks'.
file or directory '<repository-root>/modules/refactorkit-jvm/build/classes/java/main', not found
file or directory '<repository-root>/modules/refactorkit-jvm/build/resources/main', not found
work action resolve refactorkit-jvm-0.7.0-SNAPSHOT.jar (project ':modules:refactorkit-jvm') (Thread[#132,Execution worker Thread 5,5,main]) started.
Resolve mutations for :modules:refactorkit-daemon:compileKotlin (Thread[#132,Execution worker Thread 5,5,main]) started.
:modules:refactorkit-daemon:compileKotlin (Thread[#132,Execution worker Thread 5,5,main]) started.

> Task :modules:refactorkit-testkit:compileKotlin
Caching disabled for task ':modules:refactorkit-testkit:compileKotlin' because:
  Build cache is disabled
Task ':modules:refactorkit-testkit:compileKotlin' is not up-to-date because:
  Executed with '--rerun-tasks'.
The input changes require a full rebuild for incremental task ':modules:refactorkit-testkit:compileKotlin'.
file or directory '<repository-root>/modules/refactorkit-testkit/src/main/java', not found
file or directory '<repository-root>/modules/refactorkit-testkit/src/main/java', not found
file or directory '<repository-root>/modules/refactorkit-testkit/src/main/java', not found
file or directory '<repository-root>/modules/refactorkit-testkit/src/main/java', not found
Kotlin source files: <repository-root>/modules/refactorkit-testkit/src/main/kotlin/org/refactorkit/testkit/GoldenTestCase.kt, <repository-root>/modules/refactorkit-testkit/src/main/kotlin/org/refactorkit/testkit/GoldenRequest.kt, <repository-root>/modules/refactorkit-testkit/src/main/kotlin/org/refactorkit/testkit/GoldenExpectedPlan.kt, <repository-root>/modules/refactorkit-testkit/src/main/kotlin/org/refactorkit/testkit/GoldenTestResult.kt, <repository-root>/modules/refactorkit-testkit/src/main/kotlin/org/refactorkit/testkit/GoldenJson.kt, <repository-root>/modules/refactorkit-testkit/src/main/kotlin/org/refactorkit/testkit/GoldenTestLoader.kt, <repository-root>/modules/refactorkit-testkit/src/main/kotlin/org/refactorkit/testkit/GoldenTestRunner.kt
Java source files: 
Script source files: 
Script file extensions: 
Using Kotlin/JVM incremental compilation
[KOTLIN] Kotlin compilation 'jdkHome' argument: /usr/lib/jvm/java-21-openjdk
Options for KOTLIN DAEMON: IncrementalCompilationOptions(super=CompilationOptions(compilerMode=INCREMENTAL_COMPILER, targetPlatform=JVM, reportCategories=[0, 3], reportSeverity=2, requestedCompilationResults=[0], kotlinScriptExtensions=[]), areFileChangesKnown=false, modifiedFiles=null, deletedFiles=null, classpathChanges=NotAvailableForNonIncrementalRun, workingDir=<repository-root>/modules/refactorkit-testkit/build/kotlin/compileKotlin/cacheable, multiModuleICSettings=MultiModuleICSettings(buildHistoryFile=<repository-root>/modules/refactorkit-testkit/build/kotlin/compileKotlin/local-state/build-history.bin, useModuleDetection=false), usePreciseJavaTracking=true, icFeatures=IncrementalCompilationFeatures(withAbiSnapshot=false, preciseCompilationResultsBackup=true, keepIncrementalCompilationCachesInMemory=true, enableUnsafeIncrementalCompilationForMultiplatform=false), outputFiles=[<repository-root>/modules/refactorkit-testkit/build/classes/kotlin/main, <repository-root>/modules/refactorkit-testkit/build/kotlin/compileKotlin/cacheable, <repository-root>/modules/refactorkit-testkit/build/kotlin/compileKotlin/local-state])
Finished executing kotlin compiler using DAEMON strategy
Resolve mutations for :modules:refactorkit-testkit:compileJava (Thread[#130,Execution worker Thread 3,5,main]) started.
:modules:refactorkit-testkit:compileJava (Thread[#131,Execution worker Thread 4,5,main]) started.

> Task :modules:refactorkit-testkit:compileJava NO-SOURCE
Skipping task ':modules:refactorkit-testkit:compileJava' as it has no source files and no previous output files.
Resolve mutations for :modules:refactorkit-testkit:classes (Thread[#131,Execution worker Thread 4,5,main]) started.
:modules:refactorkit-testkit:classes (Thread[#131,Execution worker Thread 4,5,main]) started.

> Task :modules:refactorkit-testkit:classes UP-TO-DATE
Skipping task ':modules:refactorkit-testkit:classes' as it has no actions.
Resolve mutations for :modules:refactorkit-testkit:jar (Thread[#131,Execution worker Thread 4,5,main]) started.
:modules:refactorkit-testkit:jar (Thread[#131,Execution worker Thread 4,5,main]) started.

> Task :modules:refactorkit-testkit:jar
Caching disabled for task ':modules:refactorkit-testkit:jar' because:
  Build cache is disabled
  Not worth caching
Task ':modules:refactorkit-testkit:jar' is not up-to-date because:
  Executed with '--rerun-tasks'.
file or directory '<repository-root>/modules/refactorkit-testkit/build/classes/java/main', not found
file or directory '<repository-root>/modules/refactorkit-testkit/build/resources/main', not found
work action resolve refactorkit-testkit-0.7.0-SNAPSHOT.jar (project ':modules:refactorkit-testkit') (Thread[#131,Execution worker Thread 4,5,main]) started.
Resolve mutations for :modules:refactorkit-lsp:compileKotlin (Thread[#131,Execution worker Thread 4,5,main]) started.
:modules:refactorkit-lsp:compileKotlin (Thread[#131,Execution worker Thread 4,5,main]) started.
Resolve mutations for :modules:refactorkit-mcp:compileKotlin (Thread[#146,Execution worker Thread 19,5,main]) started.
:modules:refactorkit-mcp:compileKotlin (Thread[#146,Execution worker Thread 19,5,main]) started.

> Task :modules:refactorkit-lsp:compileKotlin
Caching disabled for task ':modules:refactorkit-lsp:compileKotlin' because:
  Build cache is disabled
Task ':modules:refactorkit-lsp:compileKotlin' is not up-to-date because:
  Executed with '--rerun-tasks'.
The input changes require a full rebuild for incremental task ':modules:refactorkit-lsp:compileKotlin'.
file or directory '<repository-root>/modules/refactorkit-lsp/src/main/java', not found
file or directory '<repository-root>/modules/refactorkit-lsp/src/main/java', not found
file or directory '<repository-root>/modules/refactorkit-lsp/src/main/java', not found
file or directory '<repository-root>/modules/refactorkit-lsp/src/main/java', not found
Kotlin source files: <repository-root>/modules/refactorkit-lsp/src/main/kotlin/org/refactorkit/lsp/RefactorKitLsp.kt, <repository-root>/modules/refactorkit-lsp/src/main/kotlin/org/refactorkit/lsp/LspSession.kt
Java source files: 
Script source files: 
Script file extensions: 
Using Kotlin/JVM incremental compilation
[KOTLIN] Kotlin compilation 'jdkHome' argument: /usr/lib/jvm/java-21-openjdk
Options for KOTLIN DAEMON: IncrementalCompilationOptions(super=CompilationOptions(compilerMode=INCREMENTAL_COMPILER, targetPlatform=JVM, reportCategories=[0, 3], reportSeverity=2, requestedCompilationResults=[0], kotlinScriptExtensions=[]), areFileChangesKnown=false, modifiedFiles=null, deletedFiles=null, classpathChanges=NotAvailableForNonIncrementalRun, workingDir=<repository-root>/modules/refactorkit-lsp/build/kotlin/compileKotlin/cacheable, multiModuleICSettings=MultiModuleICSettings(buildHistoryFile=<repository-root>/modules/refactorkit-lsp/build/kotlin/compileKotlin/local-state/build-history.bin, useModuleDetection=false), usePreciseJavaTracking=true, icFeatures=IncrementalCompilationFeatures(withAbiSnapshot=false, preciseCompilationResultsBackup=true, keepIncrementalCompilationCachesInMemory=true, enableUnsafeIncrementalCompilationForMultiplatform=false), outputFiles=[<repository-root>/modules/refactorkit-lsp/build/classes/kotlin/main, <repository-root>/modules/refactorkit-lsp/build/kotlin/compileKotlin/cacheable, <repository-root>/modules/refactorkit-lsp/build/kotlin/compileKotlin/local-state])
Finished executing kotlin compiler using DAEMON strategy
Resolve mutations for :modules:refactorkit-lsp:compileJava (Thread[#131,Execution worker Thread 4,5,main]) started.
:modules:refactorkit-lsp:compileJava (Thread[#131,Execution worker Thread 4,5,main]) started.

> Task :modules:refactorkit-lsp:compileJava NO-SOURCE
Skipping task ':modules:refactorkit-lsp:compileJava' as it has no source files and no previous output files.
Resolve mutations for :modules:refactorkit-lsp:classes (Thread[#131,Execution worker Thread 4,5,main]) started.
:modules:refactorkit-lsp:classes (Thread[#154,Execution worker Thread 27,5,main]) started.

> Task :modules:refactorkit-lsp:classes UP-TO-DATE
Skipping task ':modules:refactorkit-lsp:classes' as it has no actions.
Resolve mutations for :modules:refactorkit-lsp:jar (Thread[#154,Execution worker Thread 27,5,main]) started.
:modules:refactorkit-lsp:jar (Thread[#154,Execution worker Thread 27,5,main]) started.

> Task :modules:refactorkit-lsp:jar
Caching disabled for task ':modules:refactorkit-lsp:jar' because:
  Build cache is disabled
  Not worth caching
Task ':modules:refactorkit-lsp:jar' is not up-to-date because:
  Executed with '--rerun-tasks'.
file or directory '<repository-root>/modules/refactorkit-lsp/build/classes/java/main', not found
file or directory '<repository-root>/modules/refactorkit-lsp/build/resources/main', not found
work action resolve refactorkit-lsp-0.7.0-SNAPSHOT.jar (project ':modules:refactorkit-lsp') (Thread[#154,Execution worker Thread 27,5,main]) started.

> Task :modules:refactorkit-mcp:compileKotlin
Caching disabled for task ':modules:refactorkit-mcp:compileKotlin' because:
  Build cache is disabled
Task ':modules:refactorkit-mcp:compileKotlin' is not up-to-date because:
  Executed with '--rerun-tasks'.
The input changes require a full rebuild for incremental task ':modules:refactorkit-mcp:compileKotlin'.
file or directory '<repository-root>/modules/refactorkit-mcp/src/main/java', not found
file or directory '<repository-root>/modules/refactorkit-mcp/src/main/java', not found
file or directory '<repository-root>/modules/refactorkit-mcp/src/main/java', not found
file or directory '<repository-root>/modules/refactorkit-mcp/src/main/java', not found
Kotlin source files: <repository-root>/modules/refactorkit-mcp/src/main/kotlin/org/refactorkit/mcp/RefactorKitMcp.kt, <repository-root>/modules/refactorkit-mcp/src/main/kotlin/org/refactorkit/mcp/McpSession.kt
Java source files: 
Script source files: 
Script file extensions: 
Using Kotlin/JVM incremental compilation
[KOTLIN] Kotlin compilation 'jdkHome' argument: /usr/lib/jvm/java-21-openjdk
Options for KOTLIN DAEMON: IncrementalCompilationOptions(super=CompilationOptions(compilerMode=INCREMENTAL_COMPILER, targetPlatform=JVM, reportCategories=[0, 3], reportSeverity=2, requestedCompilationResults=[0], kotlinScriptExtensions=[]), areFileChangesKnown=false, modifiedFiles=null, deletedFiles=null, classpathChanges=NotAvailableForNonIncrementalRun, workingDir=<repository-root>/modules/refactorkit-mcp/build/kotlin/compileKotlin/cacheable, multiModuleICSettings=MultiModuleICSettings(buildHistoryFile=<repository-root>/modules/refactorkit-mcp/build/kotlin/compileKotlin/local-state/build-history.bin, useModuleDetection=false), usePreciseJavaTracking=true, icFeatures=IncrementalCompilationFeatures(withAbiSnapshot=false, preciseCompilationResultsBackup=true, keepIncrementalCompilationCachesInMemory=true, enableUnsafeIncrementalCompilationForMultiplatform=false), outputFiles=[<repository-root>/modules/refactorkit-mcp/build/classes/kotlin/main, <repository-root>/modules/refactorkit-mcp/build/kotlin/compileKotlin/cacheable, <repository-root>/modules/refactorkit-mcp/build/kotlin/compileKotlin/local-state])
Finished executing kotlin compiler using DAEMON strategy
Resolve mutations for :modules:refactorkit-mcp:compileJava (Thread[#146,Execution worker Thread 19,5,main]) started.
:modules:refactorkit-mcp:compileJava (Thread[#146,Execution worker Thread 19,5,main]) started.

> Task :modules:refactorkit-mcp:compileJava NO-SOURCE
Skipping task ':modules:refactorkit-mcp:compileJava' as it has no source files and no previous output files.
Resolve mutations for :modules:refactorkit-mcp:classes (Thread[#146,Execution worker Thread 19,5,main]) started.
:modules:refactorkit-mcp:classes (Thread[#145,Execution worker Thread 18,5,main]) started.

> Task :modules:refactorkit-mcp:classes UP-TO-DATE
Skipping task ':modules:refactorkit-mcp:classes' as it has no actions.
Resolve mutations for :modules:refactorkit-mcp:jar (Thread[#146,Execution worker Thread 19,5,main]) started.
:modules:refactorkit-mcp:jar (Thread[#146,Execution worker Thread 19,5,main]) started.

> Task :modules:refactorkit-mcp:jar
Caching disabled for task ':modules:refactorkit-mcp:jar' because:
  Build cache is disabled
  Not worth caching
Task ':modules:refactorkit-mcp:jar' is not up-to-date because:
  Executed with '--rerun-tasks'.
file or directory '<repository-root>/modules/refactorkit-mcp/build/classes/java/main', not found
file or directory '<repository-root>/modules/refactorkit-mcp/build/resources/main', not found
work action resolve refactorkit-mcp-0.7.0-SNAPSHOT.jar (project ':modules:refactorkit-mcp') (Thread[#146,Execution worker Thread 19,5,main]) started.

> Task :modules:refactorkit-daemon:compileKotlin
Caching disabled for task ':modules:refactorkit-daemon:compileKotlin' because:
  Build cache is disabled
Task ':modules:refactorkit-daemon:compileKotlin' is not up-to-date because:
  Executed with '--rerun-tasks'.
The input changes require a full rebuild for incremental task ':modules:refactorkit-daemon:compileKotlin'.
file or directory '<repository-root>/modules/refactorkit-daemon/src/main/java', not found
file or directory '<repository-root>/modules/refactorkit-daemon/src/main/java', not found
file or directory '<repository-root>/modules/refactorkit-daemon/src/main/java', not found
file or directory '<repository-root>/modules/refactorkit-daemon/src/main/java', not found
Kotlin source files: <repository-root>/modules/refactorkit-daemon/src/main/kotlin/org/refactorkit/daemon/RefactorKitDaemon.kt, <repository-root>/modules/refactorkit-daemon/src/main/kotlin/org/refactorkit/daemon/DaemonSession.kt, <repository-root>/modules/refactorkit-daemon/src/main/kotlin/org/refactorkit/daemon/DaemonProtocolDtos.kt, <repository-root>/modules/refactorkit-daemon/src/main/kotlin/org/refactorkit/daemon/BuildModelProtocolDtos.kt, <repository-root>/modules/refactorkit-daemon/src/main/kotlin/org/refactorkit/daemon/DaemonRequestScheduler.kt, <repository-root>/modules/refactorkit-daemon/src/main/kotlin/org/refactorkit/daemon/SavedWorkspaceWatcher.kt
Java source files: 
Script source files: 
Script file extensions: 
Using Kotlin/JVM incremental compilation
[KOTLIN] Kotlin compilation 'jdkHome' argument: /usr/lib/jvm/java-21-openjdk
Options for KOTLIN DAEMON: IncrementalCompilationOptions(super=CompilationOptions(compilerMode=INCREMENTAL_COMPILER, targetPlatform=JVM, reportCategories=[0, 3], reportSeverity=2, requestedCompilationResults=[0], kotlinScriptExtensions=[]), areFileChangesKnown=false, modifiedFiles=null, deletedFiles=null, classpathChanges=NotAvailableForNonIncrementalRun, workingDir=<repository-root>/modules/refactorkit-daemon/build/kotlin/compileKotlin/cacheable, multiModuleICSettings=MultiModuleICSettings(buildHistoryFile=<repository-root>/modules/refactorkit-daemon/build/kotlin/compileKotlin/local-state/build-history.bin, useModuleDetection=false), usePreciseJavaTracking=true, icFeatures=IncrementalCompilationFeatures(withAbiSnapshot=false, preciseCompilationResultsBackup=true, keepIncrementalCompilationCachesInMemory=true, enableUnsafeIncrementalCompilationForMultiplatform=false), outputFiles=[<repository-root>/modules/refactorkit-daemon/build/classes/kotlin/main, <repository-root>/modules/refactorkit-daemon/build/kotlin/compileKotlin/cacheable, <repository-root>/modules/refactorkit-daemon/build/kotlin/compileKotlin/local-state])
Finished executing kotlin compiler using DAEMON strategy
Resolve mutations for :modules:refactorkit-daemon:compileJava (Thread[#146,Execution worker Thread 19,5,main]) started.
:modules:refactorkit-daemon:compileJava (Thread[#146,Execution worker Thread 19,5,main]) started.

> Task :modules:refactorkit-daemon:compileJava NO-SOURCE
Skipping task ':modules:refactorkit-daemon:compileJava' as it has no source files and no previous output files.
Resolve mutations for :modules:refactorkit-daemon:classes (Thread[#146,Execution worker Thread 19,5,main]) started.
:modules:refactorkit-daemon:classes (Thread[#146,Execution worker Thread 19,5,main]) started.

> Task :modules:refactorkit-daemon:classes UP-TO-DATE
Skipping task ':modules:refactorkit-daemon:classes' as it has no actions.
Resolve mutations for :modules:refactorkit-daemon:jar (Thread[#146,Execution worker Thread 19,5,main]) started.
:modules:refactorkit-daemon:jar (Thread[#146,Execution worker Thread 19,5,main]) started.

> Task :modules:refactorkit-daemon:jar
Caching disabled for task ':modules:refactorkit-daemon:jar' because:
  Build cache is disabled
  Not worth caching
Task ':modules:refactorkit-daemon:jar' is not up-to-date because:
  Executed with '--rerun-tasks'.
file or directory '<repository-root>/modules/refactorkit-daemon/build/classes/java/main', not found
file or directory '<repository-root>/modules/refactorkit-daemon/build/resources/main', not found
work action resolve refactorkit-daemon-0.7.0-SNAPSHOT.jar (project ':modules:refactorkit-daemon') (Thread[#146,Execution worker Thread 19,5,main]) started.
Resolve mutations for :modules:refactorkit-cli:compileKotlin (Thread[#147,Execution worker Thread 20,5,main]) started.
:modules:refactorkit-cli:compileKotlin (Thread[#147,Execution worker Thread 20,5,main]) started.
Resolve mutations for :modules:refactorkit-cli:compilePackagedMavenModuleRenameQualificationTestKotlin (Thread[#151,Execution worker Thread 24,5,main]) started.
:modules:refactorkit-cli:compilePackagedMavenModuleRenameQualificationTestKotlin (Thread[#146,Execution worker Thread 19,5,main]) started.

> Task :modules:refactorkit-cli:compileKotlin
Caching disabled for task ':modules:refactorkit-cli:compileKotlin' because:
  Build cache is disabled
Task ':modules:refactorkit-cli:compileKotlin' is not up-to-date because:
  Executed with '--rerun-tasks'.
The input changes require a full rebuild for incremental task ':modules:refactorkit-cli:compileKotlin'.
Kotlin source files: <repository-root>/modules/refactorkit-cli/src/main/kotlin/org/refactorkit/cli/RefactorKitCli.kt, <repository-root>/modules/refactorkit-cli/src/main/kotlin/org/refactorkit/cli/JavaMoveClassGuidanceJsonRenderer.kt, <repository-root>/modules/refactorkit-cli/src/main/kotlin/org/refactorkit/cli/CliProtocolProjection.kt
Java source files: <repository-root>/modules/refactorkit-cli/src/main/java/org/refactorkit/cli/CliDiagnosticLineRenderer.java, <repository-root>/modules/refactorkit-cli/src/main/java/org/refactorkit/cli/CliPatchFaultConstruction.java
Script source files: 
Script file extensions: 
Using Kotlin/JVM incremental compilation
[KOTLIN] Kotlin compilation 'jdkHome' argument: /usr/lib/jvm/java-21-openjdk
Options for KOTLIN DAEMON: IncrementalCompilationOptions(super=CompilationOptions(compilerMode=INCREMENTAL_COMPILER, targetPlatform=JVM, reportCategories=[0, 3], reportSeverity=2, requestedCompilationResults=[0], kotlinScriptExtensions=[]), areFileChangesKnown=false, modifiedFiles=null, deletedFiles=null, classpathChanges=NotAvailableForNonIncrementalRun, workingDir=<repository-root>/modules/refactorkit-cli/build/kotlin/compileKotlin/cacheable, multiModuleICSettings=MultiModuleICSettings(buildHistoryFile=<repository-root>/modules/refactorkit-cli/build/kotlin/compileKotlin/local-state/build-history.bin, useModuleDetection=false), usePreciseJavaTracking=true, icFeatures=IncrementalCompilationFeatures(withAbiSnapshot=false, preciseCompilationResultsBackup=true, keepIncrementalCompilationCachesInMemory=true, enableUnsafeIncrementalCompilationForMultiplatform=false), outputFiles=[<repository-root>/modules/refactorkit-cli/build/classes/kotlin/main, <repository-root>/modules/refactorkit-cli/build/kotlin/compileKotlin/cacheable, <repository-root>/modules/refactorkit-cli/build/kotlin/compileKotlin/local-state])
Finished executing kotlin compiler using DAEMON strategy
Resolve mutations for :modules:refactorkit-cli:compileJava (Thread[#135,Execution worker Thread 8,5,main]) started.
:modules:refactorkit-cli:compileJava (Thread[#147,Execution worker Thread 20,5,main]) started.

> Task :modules:refactorkit-cli:compileJava
Caching disabled for task ':modules:refactorkit-cli:compileJava' because:
  Build cache is disabled
Task ':modules:refactorkit-cli:compileJava' is not up-to-date because:
  Executed with '--rerun-tasks'.
The input changes require a full rebuild for incremental task ':modules:refactorkit-cli:compileJava'.
Compilation mode: in-process compilation
Full recompilation is required because no incremental change information is available. This is usually caused by clean builds or changing compiler arguments.
Compiling with toolchain '/usr/lib/jvm/java-21-openjdk'.
Compiling with JDK Java compiler API.
warning: [options] source value 8 is obsolete and will be removed in a future release
warning: [options] target value 8 is obsolete and will be removed in a future release
warning: [options] To suppress warnings about obsolete options, use -Xlint:-options.
3 warnings
Class dependency analysis for incremental compilation took 0.0 secs.
Created classpath snapshot for incremental compilation in 0.004 secs.
Resolve mutations for :modules:refactorkit-cli:classes (Thread[#147,Execution worker Thread 20,5,main]) started.
:modules:refactorkit-cli:classes (Thread[#128,Execution worker,5,main]) started.

> Task :modules:refactorkit-cli:classes
Skipping task ':modules:refactorkit-cli:classes' as it has no actions.
Resolve mutations for :modules:refactorkit-cli:jar (Thread[#128,Execution worker,5,main]) started.
:modules:refactorkit-cli:jar (Thread[#128,Execution worker,5,main]) started.

> Task :modules:refactorkit-cli:jar
Caching disabled for task ':modules:refactorkit-cli:jar' because:
  Build cache is disabled
  Not worth caching
Task ':modules:refactorkit-cli:jar' is not up-to-date because:
  Executed with '--rerun-tasks'.
file or directory '<repository-root>/modules/refactorkit-cli/build/resources/main', not found
Resolve mutations for :modules:refactorkit-cli:startScripts (Thread[#147,Execution worker Thread 20,5,main]) started.
:modules:refactorkit-cli:startScripts (Thread[#147,Execution worker Thread 20,5,main]) started.

> Task :modules:refactorkit-cli:startScripts
Caching disabled for task ':modules:refactorkit-cli:startScripts' because:
  Build cache is disabled
  Not worth caching
Task ':modules:refactorkit-cli:startScripts' is not up-to-date because:
  Executed with '--rerun-tasks'.
Resolve mutations for :modules:refactorkit-cli:installDist (Thread[#147,Execution worker Thread 20,5,main]) started.
:modules:refactorkit-cli:installDist (Thread[#147,Execution worker Thread 20,5,main]) started.

> Task :modules:refactorkit-cli:compilePackagedMavenModuleRenameQualificationTestKotlin
Caching disabled for task ':modules:refactorkit-cli:compilePackagedMavenModuleRenameQualificationTestKotlin' because:
  Build cache is disabled
Task ':modules:refactorkit-cli:compilePackagedMavenModuleRenameQualificationTestKotlin' is not up-to-date because:
  Executed with '--rerun-tasks'.
The input changes require a full rebuild for incremental task ':modules:refactorkit-cli:compilePackagedMavenModuleRenameQualificationTestKotlin'.
file or directory '<repository-root>/modules/refactorkit-cli/src/packagedMavenModuleRenameQualificationTest/java', not found
file or directory '<repository-root>/modules/refactorkit-cli/src/packagedMavenModuleRenameQualificationTest/java', not found
file or directory '<repository-root>/modules/refactorkit-cli/src/packagedMavenModuleRenameQualificationTest/java', not found
file or directory '<repository-root>/modules/refactorkit-cli/src/packagedMavenModuleRenameQualificationTest/java', not found
Kotlin source files: <repository-root>/modules/refactorkit-cli/src/packagedMavenModuleRenameQualificationTest/kotlin/org/refactorkit/cli/packagedmavenmodulerename/PackagedJavaMavenModuleRenameQualificationCucumberTest.kt, <repository-root>/modules/refactorkit-cli/src/packagedMavenModuleRenameQualificationTest/kotlin/org/refactorkit/cli/packagedmavenmodulerename/QualificationSupport.kt, <repository-root>/modules/refactorkit-cli/src/packagedMavenModuleRenameQualificationTest/kotlin/org/refactorkit/cli/packagedmavenmodulerename/PackagedSubjectProcessHarness.kt, <repository-root>/modules/refactorkit-cli/src/packagedMavenModuleRenameQualificationTest/kotlin/org/refactorkit/cli/packagedmavenmodulerename/QualificationRunRegistry.kt, <repository-root>/modules/refactorkit-cli/src/packagedMavenModuleRenameQualificationTest/kotlin/org/refactorkit/cli/packagedmavenmodulerename/PackagedJavaMavenModuleRenameQualificationSteps.kt
Java source files: 
Script source files: 
Script file extensions: 
Using Kotlin/JVM incremental compilation
[KOTLIN] Kotlin compilation 'jdkHome' argument: /usr/lib/jvm/java-21-openjdk
Options for KOTLIN DAEMON: IncrementalCompilationOptions(super=CompilationOptions(compilerMode=INCREMENTAL_COMPILER, targetPlatform=JVM, reportCategories=[0, 3], reportSeverity=2, requestedCompilationResults=[0], kotlinScriptExtensions=[]), areFileChangesKnown=false, modifiedFiles=null, deletedFiles=null, classpathChanges=NotAvailableForNonIncrementalRun, workingDir=<repository-root>/modules/refactorkit-cli/build/kotlin/compilePackagedMavenModuleRenameQualificationTestKotlin/cacheable, multiModuleICSettings=MultiModuleICSettings(buildHistoryFile=<repository-root>/modules/refactorkit-cli/build/kotlin/compilePackagedMavenModuleRenameQualificationTestKotlin/local-state/build-history.bin, useModuleDetection=false), usePreciseJavaTracking=true, icFeatures=IncrementalCompilationFeatures(withAbiSnapshot=false, preciseCompilationResultsBackup=true, keepIncrementalCompilationCachesInMemory=true, enableUnsafeIncrementalCompilationForMultiplatform=false), outputFiles=[<repository-root>/modules/refactorkit-cli/build/classes/kotlin/packagedMavenModuleRenameQualificationTest, <repository-root>/modules/refactorkit-cli/build/kotlin/compilePackagedMavenModuleRenameQualificationTestKotlin/cacheable, <repository-root>/modules/refactorkit-cli/build/kotlin/compilePackagedMavenModuleRenameQualificationTestKotlin/local-state])
Finished executing kotlin compiler using DAEMON strategy

> Task :modules:refactorkit-cli:installDist
Custom actions are attached to task ':modules:refactorkit-cli:installDist'.
Caching disabled for task ':modules:refactorkit-cli:installDist' because:
  Build cache is disabled
  Not worth caching
Task ':modules:refactorkit-cli:installDist' is not up-to-date because:
  Executed with '--rerun-tasks'.
file or directory '<repository-root>/modules/refactorkit-cli/src/main/dist', not found
file or directory '<repository-root>/modules/refactorkit-cli/src/dist', not found
Resolve mutations for :modules:refactorkit-cli:compilePackagedMavenModuleRenameQualificationTestJava (Thread[#146,Execution worker Thread 19,5,main]) started.
:modules:refactorkit-cli:compilePackagedMavenModuleRenameQualificationTestJava (Thread[#146,Execution worker Thread 19,5,main]) started.

> Task :modules:refactorkit-cli:compilePackagedMavenModuleRenameQualificationTestJava NO-SOURCE
Skipping task ':modules:refactorkit-cli:compilePackagedMavenModuleRenameQualificationTestJava' as it has no source files and no previous output files.
Resolve mutations for :modules:refactorkit-cli:packagedMavenModuleRenameQualificationTestClasses (Thread[#146,Execution worker Thread 19,5,main]) started.
:modules:refactorkit-cli:packagedMavenModuleRenameQualificationTestClasses (Thread[#133,Execution worker Thread 6,5,main]) started.

> Task :modules:refactorkit-cli:packagedMavenModuleRenameQualificationTestClasses
Skipping task ':modules:refactorkit-cli:packagedMavenModuleRenameQualificationTestClasses' as it has no actions.
Resolve mutations for :modules:refactorkit-cli:refactorkitRuntimeDist (Thread[#133,Execution worker Thread 6,5,main]) started.
:modules:refactorkit-cli:refactorkitRuntimeDist (Thread[#133,Execution worker Thread 6,5,main]) started.

> Task :modules:refactorkit-cli:refactorkitRuntimeDist
Custom actions are attached to task ':modules:refactorkit-cli:refactorkitRuntimeDist'.
Caching disabled for task ':modules:refactorkit-cli:refactorkitRuntimeDist' because:
  Build cache is disabled
  Gradle would require more information to cache this task
Task ':modules:refactorkit-cli:refactorkitRuntimeDist' is not up-to-date because:
  Executed with '--rerun-tasks'.
Self-contained RefactorKit CLI package: <repository-root>/modules/refactorkit-cli/build/package/refactorkit
Resolve mutations for :modules:refactorkit-cli:refactorkitRuntimeZip (Thread[#133,Execution worker Thread 6,5,main]) started.
:modules:refactorkit-cli:refactorkitRuntimeZip (Thread[#133,Execution worker Thread 6,5,main]) started.

> Task :modules:refactorkit-cli:refactorkitRuntimeZip
Custom actions are attached to task ':modules:refactorkit-cli:refactorkitRuntimeZip'.
Caching disabled for task ':modules:refactorkit-cli:refactorkitRuntimeZip' because:
  Build cache is disabled
  Not worth caching
Task ':modules:refactorkit-cli:refactorkitRuntimeZip' is not up-to-date because:
  Executed with '--rerun-tasks'.
Self-contained RefactorKit CLI zip: <repository-root>/modules/refactorkit-cli/build/distributions/refactorkit-runtime.zip
Resolve mutations for :modules:refactorkit-cli:checksumPackagedMavenModuleRenameQualificationCandidate (Thread[#133,Execution worker Thread 6,5,main]) started.
:modules:refactorkit-cli:checksumPackagedMavenModuleRenameQualificationCandidate (Thread[#133,Execution worker Thread 6,5,main]) started.

> Task :modules:refactorkit-cli:checksumPackagedMavenModuleRenameQualificationCandidate
Custom actions are attached to task ':modules:refactorkit-cli:checksumPackagedMavenModuleRenameQualificationCandidate'.
Caching disabled for task ':modules:refactorkit-cli:checksumPackagedMavenModuleRenameQualificationCandidate' because:
  Build cache is disabled
  Gradle would require more information to cache this task
Task ':modules:refactorkit-cli:checksumPackagedMavenModuleRenameQualificationCandidate' is not up-to-date because:
  Executed with '--rerun-tasks'.
Resolve mutations for :modules:refactorkit-cli:preparePackagedMavenModuleRenameQualificationCandidate (Thread[#133,Execution worker Thread 6,5,main]) started.
:modules:refactorkit-cli:preparePackagedMavenModuleRenameQualificationCandidate (Thread[#133,Execution worker Thread 6,5,main]) started.

> Task :modules:refactorkit-cli:preparePackagedMavenModuleRenameQualificationCandidate
Custom actions are attached to task ':modules:refactorkit-cli:preparePackagedMavenModuleRenameQualificationCandidate'.
Caching disabled for task ':modules:refactorkit-cli:preparePackagedMavenModuleRenameQualificationCandidate' because:
  Build cache is disabled
  Not worth caching
Task ':modules:refactorkit-cli:preparePackagedMavenModuleRenameQualificationCandidate' is not up-to-date because:
  Executed with '--rerun-tasks'.
Resolve mutations for :modules:refactorkit-cli:packagedMavenModuleRenameQualificationTest (Thread[#133,Execution worker Thread 6,5,main]) started.
:modules:refactorkit-cli:packagedMavenModuleRenameQualificationTest (Thread[#133,Execution worker Thread 6,5,main]) started.
Gradle Test Executor 1 started executing tests.

> Task :modules:refactorkit-cli:packagedMavenModuleRenameQualificationTest
Custom actions are attached to task ':modules:refactorkit-cli:packagedMavenModuleRenameQualificationTest'.
Caching disabled for task ':modules:refactorkit-cli:packagedMavenModuleRenameQualificationTest' because:
  Build cache is disabled
Task ':modules:refactorkit-cli:packagedMavenModuleRenameQualificationTest' is not up-to-date because:
  Executed with '--rerun-tasks'.
file or directory '<repository-root>/modules/refactorkit-cli/build/classes/java/packagedMavenModuleRenameQualificationTest', not found
Starting process 'Gradle Test Executor 1'. Working directory: <repository-root>/modules/refactorkit-cli Command: /usr/lib/jvm/java-21-openjdk/bin/java -Dorg.gradle.internal.worker.tmpdir=<repository-root>/modules/refactorkit-cli/build/tmp/packagedMavenModuleRenameQualificationTest/work -Drefactorkit.packaged.module.rename.candidate.archive=<repository-root>/modules/refactorkit-cli/build/distributions/refactorkit-runtime.zip -Drefactorkit.packaged.module.rename.candidate.checksum=<repository-root>/modules/refactorkit-cli/build/qualification/packaged-maven-module-rename/candidate/refactorkit-runtime.zip.sha256 -Drefactorkit.packaged.module.rename.candidate.root=<repository-root>/modules/refactorkit-cli/build/qualification/packaged-maven-module-rename/candidate/extracted/refactorkit -Drefactorkit.packaged.module.rename.reports.failureDiagnostics=<repository-root>/modules/refactorkit-cli/build/qualification/packaged-maven-module-rename/failure-diagnostics -Drefactorkit.packaged.module.rename.reports.logs=<repository-root>/modules/refactorkit-cli/build/qualification/packaged-maven-module-rename/logs -Drefactorkit.packaged.module.rename.reports.manifests=<repository-root>/modules/refactorkit-cli/build/qualification/packaged-maven-module-rename/manifests -Drefactorkit.packaged.module.rename.repository.root=<repository-root> @<gradle-user-home>/.tmp/gradle-worker-classpath4746038365448297944txt -Xmx512m -Dfile.encoding=UTF-8 -Djava.io.tmpdir=<repository-root>/build/test-tmp/refactorkit-cli -Duser.country=IT -Duser.language=it -Duser.variant -ea worker.org.gradle.process.internal.worker.GradleWorkerMain 'Gradle Test Executor 1'
Successfully started process 'Gradle Test Executor 1'

PackagedJavaMavenModuleRenameQualificationCucumberTest > Qualify the bounded Maven module rename through every packaged public process > <surface> renames the proven module through the extracted runtime and restores its own workspace > Examples > Example #1.1 STANDARD_OUT

    @packaged-runtime @native-qualification @REQ-JAVA-MAVEN-MODULE-RENAME-PACKAGED-001 @functional-requirement @non-functional-requirement @absent
    Scenario Outline: packaged CLI renames the proven module through the extracted runtime and restores its own workspace                                                                                                                                                                                                                                                    [90m# java-maven-module-rename-packaged.feature:125[0m
      [32mGiven [0m[32mimmutable baseline [0m[32m[1m"docs/requirements/req-java-maven-module-rename-packaged-001-baseline.md"[0m[32m has SHA-256 [0m[32m[1m"07ceef18167976c3e87d9738a9e677371ca91cbd49a421b3f645918def5a374d"[0m                                                                                                                                                                                      [90m# void org.refactorkit.cli.packagedmavenmodulerename.PackagedJavaMavenModuleRenameQualificationSteps.immutableBaselineHasExpectedHash(java.lang.String,java.lang.String)[0m
      [32mAnd [0m[32mapproved change [0m[32m[1m"docs/requirements/req-java-maven-module-rename-packaged-001-approved-change-001.md"[0m[32m has SHA-256 [0m[32m[1m"738a08b0622e42658c94d874a70b989bb29eb366a9575b9b96c46473154908ce"[0m[32m and replaces the external-reactor and omitted-artifact clauses[0m                                                                                                                 [90m# void org.refactorkit.cli.packagedmavenmodulerename.PackagedJavaMavenModuleRenameQualificationSteps.approvedChangeHasExpectedHash(java.lang.String,java.lang.String)[0m
      [32mAnd [0m[32mthe native runner identifies exactly one current host from this closed matrix while retaining its exact runner, job, run, and attempt identity:[0m                                                                                                                                                                                                                    [90m# void org.refactorkit.cli.packagedmavenmodulerename.PackagedJavaMavenModuleRenameQualificationSteps.currentHostIsOneClosedMatrixEntry(io.cucumber.datatable.DataTable)[0m
        | operating system | architecture |
        | Linux            | x86-64       |
        | Windows          | x86-64       |
        | macOS            | x86-64       |
        | macOS            | arm64        |
      [32mAnd [0m[32mall four host runners bind the same full repository commit and tree plus clean/version state, while each runner binds its own platform candidate archive name and SHA-256 to that common revision before any case starts[0m                                                                                                                                           [90m# void org.refactorkit.cli.packagedmavenmodulerename.PackagedJavaMavenModuleRenameQualificationSteps.bindRevisionVersionAndCandidate()[0m
      [32mAnd [0m[32mthe candidate archive is extracted once into an isolated read-only subject image whose complete no-follow tree hash is recorded before and after the case[0m                                                                                                                                                                                                          [90m# void org.refactorkit.cli.packagedmavenmodulerename.PackagedJavaMavenModuleRenameQualificationSteps.retainExtractedCandidateManifest()[0m
      [32mAnd [0m[32mthe runner resolves "[0m[32m[1mrefactorkit[0m[32m" only as `bin/[0m[32m[1mrefactorkit[0m[32m` on POSIX or `bin/[0m[32m[1mrefactorkit[0m[32m.bat` on Windows inside that extracted image and will start no other subject executable[0m                                                                                                                                                                                    [90m# void org.refactorkit.cli.packagedmavenmodulerename.PackagedJavaMavenModuleRenameQualificationSteps.resolveOnlySelectedLauncher(java.lang.String,java.lang.String,java.lang.String)[0m
      [32mAnd [0m[32mthe runner records the selected launcher entry type, archive mode, and SHA-256 without repairing its permissions; POSIX will invoke that path without a shell or interpreter, Windows will use the corresponding public batch launcher, and the embedded `runtime/bin/java` or `runtime/bin/java.exe` is a regular executable archive entry[0m                        [90m# void org.refactorkit.cli.packagedmavenmodulerename.PackagedJavaMavenModuleRenameQualificationSteps.retainLauncherAndEmbeddedJavaEvidence()[0m
      [32mAnd [0m[32mthe subject environment removes inherited `JAVA_HOME`, `JDK_JAVA_OPTIONS`, `JAVA_TOOL_OPTIONS`, `_JAVA_OPTIONS`, classpath, Maven, Gradle, credential, proxy, and user-settings authority[0m                                                                                                                                                                          [90m# void org.refactorkit.cli.packagedmavenmodulerename.PackagedJavaMavenModuleRenameQualificationSteps.createScrubbedSubjectEnvironment()[0m
      [32mAnd [0m[32misolated home and temporary directories plus a minimal poison `PATH` put a failing decoy `java` ahead of every external tool, while launcher and process evidence proves only the archive's hash-bound embedded Java executes[0m                                                                                                                                      [90m# void org.refactorkit.cli.packagedmavenmodulerename.PackagedJavaMavenModuleRenameQualificationSteps.isolatedDirectoriesAndPoisonPathAreReady()[0m
      [32mAnd [0m[32mno Gradle application classpath, source-built or in-process session, developer installation, globally installed Java, or fallback launcher is available to the subject[0m                                                                                                                                                                                             [90m# void org.refactorkit.cli.packagedmavenmodulerename.PackagedJavaMavenModuleRenameQualificationSteps.subjectHasNoSourceBuiltFallback()[0m
      [32mAnd [0m[32mstartup, each request, complete untruncated stdout and stderr, memory where enforceable, total runtime, descendants, output files, and no-follow cleanup are bounded fail-closed, so a timeout, truncated stream, live descendant, cleanup failure, or missing report fails the case[0m                                                                               [90m# void org.refactorkit.cli.packagedmavenmodulerename.PackagedJavaMavenModuleRenameQualificationSteps.boundedContractsAreConfigured()[0m
      [32mAnd [0m[32mprocess and network tripwires deny Maven or Gradle wrappers and lifecycles, plugins, annotation processors, generators, project scripts, user or global settings, mirrors, proxies, servers, credentials, credential helpers, and every network request during discovery, preview, staged evaluation, apply, diagnostics, and rollback[0m                             [90m# void org.refactorkit.cli.packagedmavenmodulerename.PackagedJavaMavenModuleRenameQualificationSteps.deniedAuthorityTripwiresAreReady()[0m
      [32mAnd [0m[32mthe only permanent project is [0m[32m[1m"testdata/acceptance/java-maven-move-class-authority-20-modules"[0m[32m, with one root aggregator, exactly 20 unique active direct non-aggregating JAR children, and absent direct child [0m[32m[1m"catalog-domain"[0m                                                                                                                                   [90m# void org.refactorkit.cli.packagedmavenmodulerename.PackagedJavaMavenModuleRenameQualificationSteps.permanentFixtureIsExact(java.lang.String,java.lang.String)[0m
      [32mAnd [0m[32mthis [0m[32m[1mpackaged CLI[0m[32m receives one fresh pairwise-distinct no-follow disposable byte copy that refuses every symbolic link, preserves every regular-file byte and directory path kind, and cannot write through or back to the permanent project, extracted image, or another case[0m                                                                                     [90m# void org.refactorkit.cli.packagedmavenmodulerename.PackagedJavaMavenModuleRenameQualificationSteps.createFreshPairwiseCopy(java.lang.String)[0m
      [32mAnd [0m[32mbefore the subject starts, the harness independently retains these immutable identities without reading a preview, response, or journal record:[0m                                                                                                                                                                                                                    [90m# void org.refactorkit.cli.packagedmavenmodulerename.PackagedJavaMavenModuleRenameQualificationSteps.retainIndependentIdentityClasses(io.cucumber.datatable.DataTable)[0m
        | identity | exact meaning                                                                                                                                          |
        | M0       | the permanent fixture's complete no-follow relative path, path-kind, byte-length, permission, and SHA-256 manifest                                     |
        | S0       | this copy's exact non-engine baseline bytes, path kinds, source and auxiliary inventories, 20-child reactor facts, and authoritative snapshot identity |
        | D0       | the exact clean canonical authoritative Maven and JDT diagnostic multiset for S0                                                                       |
        | C1       | the complete staged byte, path-kind, inventory, and reactor image produced from S0 by only the independently declared five-entry edit                  |
        | S1       | the authoritative committed snapshot identity and complete non-engine post-image required to equal C1 after a fresh scan                               |
      [32mAnd [0m[32mthe affected fixture bytes and their independently computed post-images are exactly:[0m                                                                                                                                                                                                                                                                               [90m# void org.refactorkit.cli.packagedmavenmodulerename.PackagedJavaMavenModuleRenameQualificationSteps.fixtureImagesEqualIndependentOracle(io.cucumber.datatable.DataTable)[0m
        | pre-image path                                                   | post-image path                                                   | pre-image bytes and SHA-256                                            | post-image bytes and SHA-256                                           |
        | pom.xml                                                          | pom.xml                                                           | 2717; f30c9b9cfd394aa431f390a4fb2ff752e37d92f984b8519476f55157c403ac4c | 2718; 1c0fe9b9ca5383628f346877afff52fd6afe00d1223ef391e736c5a3b5ceb23f |
        | catalog-model/pom.xml                                            | catalog-domain/pom.xml                                            | 397; d954a47ec44e429cbc94a4e0d5e5fc65fc006ab3335a2b5a26e45d2e7f03088e  | 398; e9a34b04e5d408a9f2f6444a30ed118d8dd2d88bf880e67ff297f296092ca17b  |
        | catalog-pricing/pom.xml                                          | catalog-pricing/pom.xml                                           | 3337; 88c4ffdf826165d119fe278bdc8946d75bbd76b2784c0e476cbf4f2ae06f9ecc | 3338; 10831298857e61c7f054200c046a277a29467f5d0cddc34f17c800c776fe307f |
        | catalog-model/src/main/java/com/acme/catalog/legacy/Product.java | catalog-domain/src/main/java/com/acme/catalog/legacy/Product.java | 94; 7bb9043767dbc5b61b34670812eed2c948eb6f0aca065a2cb76e28183573f663   | 94; 7bb9043767dbc5b61b34670812eed2c948eb6f0aca065a2cb76e28183573f663   |
      [32mAnd [0m[32mevery request is explicitly oldModuleDir=[0m[32m[1m"catalog-model"[0m[32m, newModuleDir=[0m[32m[1m"catalog-domain"[0m[32m, and newArtifactId=[0m[32m[1m"catalog-domain"[0m                                                                                                                                                                                                                                        [90m# void org.refactorkit.cli.packagedmavenmodulerename.PackagedJavaMavenModuleRenameQualificationSteps.exactRequestIsRetained(java.lang.String,java.lang.String,java.lang.String)[0m
      [32mAnd [0m[32mthe harness is restricted to [0m[32m[1mpublic argv[0m[32m and these exact public interactions in order:[0m                                                                                                                                                                                                                                                                             [90m# void org.refactorkit.cli.packagedmavenmodulerename.PackagedJavaMavenModuleRenameQualificationSteps.interactionsAreExactlySurfaceBounded(java.lang.String,io.cucumber.datatable.DataTable)[0m
        | phase       | interaction                                                                                                                                |
        | establish   | no session open; every command receives the same normalized `--root {copy}`                                                                |
        | preview     | `java rename-module --old-module-dir catalog-model --new-module-dir catalog-domain --new-artifact-id catalog-domain --root {copy}`         |
        | apply       | `java rename-module --old-module-dir catalog-model --new-module-dir catalog-domain --new-artifact-id catalog-domain --root {copy} --apply` |
        | diagnostics | `diagnostics {copy}`                                                                                                                       |
        | rollback    | `patch rollback {transactionId} --root {copy}`                                                                                             |
      [32mWhen [0m[32mthe harness performs [0m[32m[1mno session open; every command receives the same normalized `--root {copy}`[0m[32m and then [0m[32m[1m`java rename-module --old-module-dir catalog-model --new-module-dir catalog-domain --new-artifact-id catalog-domain --root {copy}`[0m[32m with "[0m[32m[1mrefactorkit[0m[32m" only from the extracted image through [0m[32m[1mpublic argv[0m                                                 [90m# void org.refactorkit.cli.packagedmavenmodulerename.PackagedJavaMavenModuleRenameQualificationSteps.establishAndPreview(java.lang.String,java.lang.String,java.lang.String,java.lang.String)[0m
      [32mThen [0m[32mthe selected launcher has started from the extracted image through its public POSIX or Windows form and, on POSIX, direct execution proves its recorded archive mode contains execute bits; across the three examples this executes and qualifies all three shipped launchers[0m                                                                                     [90m# void org.refactorkit.cli.packagedmavenmodulerename.PackagedJavaMavenModuleRenameQualificationSteps.selectedLauncherStartsWithRequiredArchiveMode()[0m
      [32mAnd [0m[32mthe preview succeeds read-only with status [0m[32m[1m"PREVIEW"[0m[32m, requires explicit approval, and exposes canonical operation [0m[32m[1m"java.renameMavenModule"[0m                                                                                                                                                                                                                         [90m# void org.refactorkit.cli.packagedmavenmodulerename.PackagedJavaMavenModuleRenameQualificationSteps.previewIsSuccessfulAndCanonical(java.lang.String,java.lang.String)[0m
      [32mAnd [0m[32mthe daemon preview uses only the existing input operation [0m[32m[1m"renameMavenModule"[0m[32m before returning canonical [0m[32m[1m"java.renameMavenModule"[0m[32m, while MCP supplies canonical [0m[32m[1m"java.renameMavenModule"[0m[32m and no new alias, method, field, protocol shape, or selector semantics is introduced[0m                                                                                      [90m# void org.refactorkit.cli.packagedmavenmodulerename.PackagedJavaMavenModuleRenameQualificationSteps.aliasesAndCanonicalOperationRemainExisting(java.lang.String,java.lang.String,java.lang.String)[0m
      [32mAnd [0m[32m[0m[32m[1mpreview and apply use distinct launcher processes; apply replans, and no preview PlanId crosses a process boundary[0m                                                                                                                                                                                                                                                 [90m# void org.refactorkit.cli.packagedmavenmodulerename.PackagedJavaMavenModuleRenameQualificationSteps.planLifecycleIsSurfaceExact(java.lang.String)[0m
      [32mAnd [0m[32mthe preview's normalized WorkspaceEdit equals exactly these five ordered non-overlapping FileEdit entries, using zero-based end-exclusive ranges, and contains no other edit:[0m                                                                                                                                                                                      [90m# void org.refactorkit.cli.packagedmavenmodulerename.PackagedJavaMavenModuleRenameQualificationSteps.previewWorkspaceEditIsExact(io.cucumber.datatable.DataTable)[0m
        | order | FileEdit | path                                                             | exact source range | exact new text | new path                                                          |
        | 1     | Modify   | catalog-model/pom.xml                                            | 9:14-9:27          | catalog-domain | [empty]                                                           |
        | 2     | Modify   | pom.xml                                                          | 74:12-74:25        | catalog-domain | [empty]                                                           |
        | 3     | Modify   | catalog-pricing/pom.xml                                          | 13:18-13:31        | catalog-domain | [empty]                                                           |
        | 4     | Rename   | catalog-model/pom.xml                                            | absent             | absent         | catalog-domain/pom.xml                                            |
        | 5     | Rename   | catalog-model/src/main/java/com/acme/catalog/legacy/Product.java | absent             | absent         | catalog-domain/src/main/java/com/acme/catalog/legacy/Product.java |
      [32mAnd [0m[32mits normalized affected-path set is exactly `pom.xml`, `catalog-model/pom.xml`, `catalog-pricing/pom.xml`, both Product source paths, and `catalog-domain/pom.xml`, with the repeated child-POM source counted once[0m                                                                                                                                                [90m# void org.refactorkit.cli.packagedmavenmodulerename.PackagedJavaMavenModuleRenameQualificationSteps.affectedPathsAreExact()[0m
      [32mAnd [0m[32monly the three listed element-text ranges change bytes; every parent coordinate, groupId, version, packaging, profile, dependency-management entry, transitive consumer, XML construct, whitespace, line ending, comment, processing instruction, unknown element, and Java source byte remains exact[0m                                                              [90m# void org.refactorkit.cli.packagedmavenmodulerename.PackagedJavaMavenModuleRenameQualificationSteps.onlyDeclaredRangesChangeBytes()[0m
      [32mAnd [0m[32mC1 retains exactly 20 direct children, replaces the root module in its original list position with `catalog-domain`, resolves `com.acme.refactorkit.fixture:catalog-domain:1.0.0` as a JAR, and makes `catalog-pricing` depend directly on that exact coordinate[0m                                                                                                   [90m# void org.refactorkit.cli.packagedmavenmodulerename.PackagedJavaMavenModuleRenameQualificationSteps.c1ReactorIsExact()[0m
      [32mAnd [0m[32mC1 creates only this ordered destination-directory hierarchy while preserving the now-empty pre-existing `catalog-model` hierarchy:[0m                                                                                                                                                                                                                                [90m# void org.refactorkit.cli.packagedmavenmodulerename.PackagedJavaMavenModuleRenameQualificationSteps.c1CreatedDirectoriesAreExact(io.cucumber.datatable.DataTable)[0m
        | order | normalized created directory path                    |
        | 1     | catalog-domain                                       |
        | 2     | catalog-domain/src                                   |
        | 3     | catalog-domain/src/main                              |
        | 4     | catalog-domain/src/main/java                         |
        | 5     | catalog-domain/src/main/java/com                     |
        | 6     | catalog-domain/src/main/java/com/acme                |
        | 7     | catalog-domain/src/main/java/com/acme/catalog        |
        | 8     | catalog-domain/src/main/java/com/acme/catalog/legacy |
      [32mAnd [0m[32mpreview leaves the disposable copy exact S0 with no workspace lock, `.refactorkit` path, WAL record, transaction, target directory, or mutation of M0 or the extracted image[0m                                                                                                                                                                                       [90m# void org.refactorkit.cli.packagedmavenmodulerename.PackagedJavaMavenModuleRenameQualificationSteps.previewIsReadOnly()[0m
      [32mWhen [0m[32mthe harness performs [0m[32m[1m`java rename-module --old-module-dir catalog-model --new-module-dir catalog-domain --new-artifact-id catalog-domain --root {copy} --apply`[0m[32m according to [0m[32m[1mthe apply process replans the same explicit request and returns its own transaction ID[0m[32m with only the surface's generated correlation token where its existing lifecycle provides one[0m [90m# void org.refactorkit.cli.packagedmavenmodulerename.PackagedJavaMavenModuleRenameQualificationSteps.applyThroughPublicSurface(java.lang.String,java.lang.String)[0m
      [32mThen [0m[32mthe applied plan equals the independent five-entry oracle, and only the existing operation-owned gate [0m[32m[1m"java-rename-maven-module-staged-reactor-v1"[0m[32m authorizes PatchEngine after evaluating exact S0 and C1 before PREPARED, then authoritative S1 with unchanged D0 after APPLIED and before public success, without generic `java-jdt` substitution[0m              [90m# void org.refactorkit.cli.packagedmavenmodulerename.PackagedJavaMavenModuleRenameQualificationSteps.appliedPlanAndGateAreExact(java.lang.String)[0m
      [32mAnd [0m[32mPatchEngine remains the sole lock, managed-write, diagnostics-gate, WAL, recovery, and rollback authority; the process harness and protocol responses manufacture no approval or write authority[0m                                                                                                                                                                   [90m# void org.refactorkit.cli.packagedmavenmodulerename.PackagedJavaMavenModuleRenameQualificationSteps.patchEngineRemainsSoleAuthority()[0m
      [32mAnd [0m[32mfresh no-follow filesystem observation before journal inspection proves that the committed non-engine workspace is exact S1 and differs from S0 only by the declared post-image and path-kind oracle[0m                                                                                                                                                               [90m# void org.refactorkit.cli.packagedmavenmodulerename.PackagedJavaMavenModuleRenameQualificationSteps.committedWorkspaceIsExactS1()[0m
      [32mAnd [0m[32mthe harness performs [0m[32m[1m`diagnostics {copy}`[0m[32m and receives a clean fresh packaged-surface result whose authoritative Maven and JDT diagnostic multiset is exactly D0 for S1[0m                                                                                                                                                                                            [90m# void org.refactorkit.cli.packagedmavenmodulerename.PackagedJavaMavenModuleRenameQualificationSteps.packagedDiagnosticsAreClean(java.lang.String)[0m
      [32mAnd [0m[32mread-only journal inspection finds exactly one record and no second journal, with these exact facts:[0m                                                                                                                                                                                                                                                               [90m# void org.refactorkit.cli.packagedmavenmodulerename.PackagedJavaMavenModuleRenameQualificationSteps.appliedJournalFactsAreExact(io.cucumber.datatable.DataTable)[0m
        | field               | exact value                                                                                           |
        | schemaVersion       | integer literal 8                                                                                     |
        | operation           | java.renameMavenModule                                                                                |
        | state               | APPLIED                                                                                               |
        | approval            | EXPLICIT_APPLY, cli, caller                                                                           |
        | forwardEdit         | the exact normalized five-entry WorkspaceEdit above                                                   |
        | snapshot identities | pre-image S0 and authoritative post-image S1                                                          |
        | images              | the independently retained complete pre-images, post-images, permissions, and created-directory facts |
        | ordered history     | PREPARED, APPLYING, APPLIED                                                                           |
      [32mWhen [0m[32mthe harness performs [0m[32m[1m`patch rollback {transactionId} --root {copy}`[0m[32m to request normal rollback of that sole transaction according to [0m[32m[1ma fresh CLI process uses only the returned transaction ID[0m                                                                                                                                                                    [90m# void org.refactorkit.cli.packagedmavenmodulerename.PackagedJavaMavenModuleRenameQualificationSteps.rollbackThroughPublicSurface(java.lang.String,java.lang.String)[0m
      [32mThen [0m[32mrollback succeeds without force, recovery, compensation, or a second transaction and advances the same schema-v8 record to [0m[32m[1m"ROLLED_BACK"[0m                                                                                                                                                                                                                          [90m# void org.refactorkit.cli.packagedmavenmodulerename.PackagedJavaMavenModuleRenameQualificationSteps.rollbackSucceedsOnSameRecord(java.lang.String)[0m
      [32mAnd [0m[32mits ordered history is exactly [0m[32m[1m"PREPARED, APPLYING, APPLIED, ROLLING_BACK, ROLLED_BACK"[0m[32m while its operation, approval, forward edit, images, created directories, S0, and S1 facts remain unchanged[0m                                                                                                                                                                [90m# void org.refactorkit.cli.packagedmavenmodulerename.PackagedJavaMavenModuleRenameQualificationSteps.rolledBackHistoryAndEvidenceRemainExact(java.lang.String)[0m
      [32mAnd [0m[32mfresh packaged diagnostics and no-follow observation prove exact restoration of every non-engine byte, path kind, permission, source and auxiliary inventory, reactor fact, snapshot identity S0, and diagnostic D0[0m                                                                                                                                                [90m# void org.refactorkit.cli.packagedmavenmodulerename.PackagedJavaMavenModuleRenameQualificationSteps.freshDiagnosticsAndObservationProveS0()[0m
      [32mAnd [0m[32m`catalog-model` again contains its two exact original files, the complete `catalog-domain` hierarchy is absent, and only the workspace lock plus the one advanced journal record remain as expected engine residue[0m                                                                                                                                                 [90m# void org.refactorkit.cli.packagedmavenmodulerename.PackagedJavaMavenModuleRenameQualificationSteps.restoredModuleAndEngineResidueAreExact()[0m
      [32mAnd [0m[32mM0, every other disposable copy, the candidate archive, and the extracted subject image remain byte-identical and path-kind-identical to their pre-case identities[0m                                                                                                                                                                                                 [90m# void org.refactorkit.cli.packagedmavenmodulerename.PackagedJavaMavenModuleRenameQualificationSteps.permanentSubjectsAndOtherCopiesRemainExact()[0m
      [32mAnd [0m[32mno denied process, plugin, script, setting, credential helper, external Java, or network authority was requested, and all supervised processes, streams, descendants, temporary outputs, and copies satisfy their bounded cleanup contract[0m                                                                                                                         [90m# void org.refactorkit.cli.packagedmavenmodulerename.PackagedJavaMavenModuleRenameQualificationSteps.processAndAuthorityContractsAreClean()[0m

        Embedding packaged-module-rename-evidence [text/plain 110 bytes]

      [32mAnd [0m[32mthe always-emitted operation-specific native evidence binds these exact identity classes and their SHA-256 values where byte-addressable:[0m                                                                                                                                                                                                                          [90m# void org.refactorkit.cli.packagedmavenmodulerename.PackagedJavaMavenModuleRenameQualificationSteps.evidenceBindsEveryIdentityClass(io.cucumber.datatable.DataTable)[0m
        | identity class | required bound subjects                                                                                                                  |
        | revision       | repository identity, full commit, tree, clean state, and reported RefactorKit version                                                    |
        | native runner  | operating system, architecture, runner, job, run, attempt, and immutable candidate revision                                              |
        | package        | archive name and SHA-256, extracted-tree hash, launcher path, mode and hash, and embedded-Java path, version and hash                    |
        | requirement    | feature hash, requirement ID, Scenario Outline, expanded packaged CLI example, exact request, and five-edit oracle hash                  |
        | fixture        | permanent M0, disposable-copy identity, S0, D0, C1, S1, and proof that all three surface roots are pairwise distinct                     |
        | transaction    | sole transaction ID, schema-v8 operation, approval surface, forward-edit hash, snapshot identities, and APPLIED then ROLLED_BACK history |
        | reports        | Cucumber JSON, JUnit XML, complete stdout, stderr and execution log, manifest, archive checksum, and failure-diagnostic hashes           |

        Embedding packaged-module-rename-evidence [text/plain 110 bytes]

      [32mAnd [0m[32mthe native job publishes the Cucumber JSON, JUnit XML, complete logs, manifest, archive checksum, and failure diagnostics under an always-run condition, and any absent or unreconciled artifact fails that host row[0m                                                                                                                                               [90m# void org.refactorkit.cli.packagedmavenmodulerename.PackagedJavaMavenModuleRenameQualificationSteps.reportContractIsAlwaysMaterialized()[0m
      [32mBut [0m[32mthis scenario does not qualify or introduce any of these excluded scopes:[0m                                                                                                                                                                                                                                                                                          [90m# void org.refactorkit.cli.packagedmavenmodulerename.PackagedJavaMavenModuleRenameQualificationSteps.excludedScopesRemainExcluded(io.cucumber.datatable.DataTable)[0m
        | explicitly excluded scope                                                                                                                                                                       |
        | an external or new sample, a second real repository, Magrathea, or any project other than the existing permanent 20-module fixture                                                              |
        | an omitted newArtifactId, directory-only intent, inferred coordinate, groupId or version migration, arbitrary dependency-origin handling, JPMS, package movement, or new planner semantics      |
        | a command-catalogue schema, operation-result schema, new daemon or MCP alias, new protocol field, or changed public lifecycle                                                                   |
        | a recipe, LSP or external editor path, source-built or in-process package evidence, or duplicate runner-specific feature text                                                                   |
        | Maven or Gradle lifecycle execution, plugins, annotation processors, project scripts, settings credentials, credential helpers, network access, or an external Java runtime                     |
        | a concurrency, crash-restart, corruption, refusal, forced-rollback, recovery, or compensation matrix beyond this exact normal rollback path                                                     |
        | a new aggregate, entity, repository, projection, domain event, event store, outbox, report repository, result store, second journal, or write authority outside PatchEngine                     |
        | general Maven populations, broad module-rename support, aggregate numerical coverage, I1 publication or downloaded-asset evidence, signing, notarization, installer UX, or release-wide support |
      [32mAnd [0m[32mno J1, support-matrix, package, native-host, or release row is promoted until the three cases pass independently on all four hosts and their four immutable native reports reconcile at one candidate revision[0m                                                                                                                                                     [90m# void org.refactorkit.cli.packagedmavenmodulerename.PackagedJavaMavenModuleRenameQualificationSteps.noStatusIsPromotedByRedHarness()[0m

        Embedding packaged-module-rename-evidence [text/plain 110 bytes]


        Embedding packaged-module-rename-evidence [text/plain 110 bytes]


PackagedJavaMavenModuleRenameQualificationCucumberTest > Qualify the bounded Maven module rename through every packaged public process > <surface> renames the proven module through the extracted runtime and restores its own workspace > Examples > Example #1.2 STANDARD_OUT

    @packaged-runtime @native-qualification @REQ-JAVA-MAVEN-MODULE-RENAME-PACKAGED-001 @functional-requirement @non-functional-requirement @absent
    Scenario Outline: packaged daemon renames the proven module through the extracted runtime and restores its own workspace                                                                                                                                                                                                                                      [90m# java-maven-module-rename-packaged.feature:126[0m
      [32mGiven [0m[32mimmutable baseline [0m[32m[1m"docs/requirements/req-java-maven-module-rename-packaged-001-baseline.md"[0m[32m has SHA-256 [0m[32m[1m"07ceef18167976c3e87d9738a9e677371ca91cbd49a421b3f645918def5a374d"[0m                                                                                                                                                                           [90m# void org.refactorkit.cli.packagedmavenmodulerename.PackagedJavaMavenModuleRenameQualificationSteps.immutableBaselineHasExpectedHash(java.lang.String,java.lang.String)[0m
      [32mAnd [0m[32mapproved change [0m[32m[1m"docs/requirements/req-java-maven-module-rename-packaged-001-approved-change-001.md"[0m[32m has SHA-256 [0m[32m[1m"738a08b0622e42658c94d874a70b989bb29eb366a9575b9b96c46473154908ce"[0m[32m and replaces the external-reactor and omitted-artifact clauses[0m                                                                                                      [90m# void org.refactorkit.cli.packagedmavenmodulerename.PackagedJavaMavenModuleRenameQualificationSteps.approvedChangeHasExpectedHash(java.lang.String,java.lang.String)[0m
      [32mAnd [0m[32mthe native runner identifies exactly one current host from this closed matrix while retaining its exact runner, job, run, and attempt identity:[0m                                                                                                                                                                                                         [90m# void org.refactorkit.cli.packagedmavenmodulerename.PackagedJavaMavenModuleRenameQualificationSteps.currentHostIsOneClosedMatrixEntry(io.cucumber.datatable.DataTable)[0m
        | operating system | architecture |
        | Linux            | x86-64       |
        | Windows          | x86-64       |
        | macOS            | x86-64       |
        | macOS            | arm64        |
      [32mAnd [0m[32mall four host runners bind the same full repository commit and tree plus clean/version state, while each runner binds its own platform candidate archive name and SHA-256 to that common revision before any case starts[0m                                                                                                                                [90m# void org.refactorkit.cli.packagedmavenmodulerename.PackagedJavaMavenModuleRenameQualificationSteps.bindRevisionVersionAndCandidate()[0m
      [32mAnd [0m[32mthe candidate archive is extracted once into an isolated read-only subject image whose complete no-follow tree hash is recorded before and after the case[0m                                                                                                                                                                                               [90m# void org.refactorkit.cli.packagedmavenmodulerename.PackagedJavaMavenModuleRenameQualificationSteps.retainExtractedCandidateManifest()[0m
      [32mAnd [0m[32mthe runner resolves "[0m[32m[1mrefactorkit-daemon[0m[32m" only as `bin/[0m[32m[1mrefactorkit-daemon[0m[32m` on POSIX or `bin/[0m[32m[1mrefactorkit-daemon[0m[32m.bat` on Windows inside that extracted image and will start no other subject executable[0m                                                                                                                                                    [90m# void org.refactorkit.cli.packagedmavenmodulerename.PackagedJavaMavenModuleRenameQualificationSteps.resolveOnlySelectedLauncher(java.lang.String,java.lang.String,java.lang.String)[0m
      [32mAnd [0m[32mthe runner records the selected launcher entry type, archive mode, and SHA-256 without repairing its permissions; POSIX will invoke that path without a shell or interpreter, Windows will use the corresponding public batch launcher, and the embedded `runtime/bin/java` or `runtime/bin/java.exe` is a regular executable archive entry[0m             [90m# void org.refactorkit.cli.packagedmavenmodulerename.PackagedJavaMavenModuleRenameQualificationSteps.retainLauncherAndEmbeddedJavaEvidence()[0m
      [32mAnd [0m[32mthe subject environment removes inherited `JAVA_HOME`, `JDK_JAVA_OPTIONS`, `JAVA_TOOL_OPTIONS`, `_JAVA_OPTIONS`, classpath, Maven, Gradle, credential, proxy, and user-settings authority[0m                                                                                                                                                               [90m# void org.refactorkit.cli.packagedmavenmodulerename.PackagedJavaMavenModuleRenameQualificationSteps.createScrubbedSubjectEnvironment()[0m
      [32mAnd [0m[32misolated home and temporary directories plus a minimal poison `PATH` put a failing decoy `java` ahead of every external tool, while launcher and process evidence proves only the archive's hash-bound embedded Java executes[0m                                                                                                                           [90m# void org.refactorkit.cli.packagedmavenmodulerename.PackagedJavaMavenModuleRenameQualificationSteps.isolatedDirectoriesAndPoisonPathAreReady()[0m
      [32mAnd [0m[32mno Gradle application classpath, source-built or in-process session, developer installation, globally installed Java, or fallback launcher is available to the subject[0m                                                                                                                                                                                  [90m# void org.refactorkit.cli.packagedmavenmodulerename.PackagedJavaMavenModuleRenameQualificationSteps.subjectHasNoSourceBuiltFallback()[0m
      [32mAnd [0m[32mstartup, each request, complete untruncated stdout and stderr, memory where enforceable, total runtime, descendants, output files, and no-follow cleanup are bounded fail-closed, so a timeout, truncated stream, live descendant, cleanup failure, or missing report fails the case[0m                                                                    [90m# void org.refactorkit.cli.packagedmavenmodulerename.PackagedJavaMavenModuleRenameQualificationSteps.boundedContractsAreConfigured()[0m
      [32mAnd [0m[32mprocess and network tripwires deny Maven or Gradle wrappers and lifecycles, plugins, annotation processors, generators, project scripts, user or global settings, mirrors, proxies, servers, credentials, credential helpers, and every network request during discovery, preview, staged evaluation, apply, diagnostics, and rollback[0m                  [90m# void org.refactorkit.cli.packagedmavenmodulerename.PackagedJavaMavenModuleRenameQualificationSteps.deniedAuthorityTripwiresAreReady()[0m
      [32mAnd [0m[32mthe only permanent project is [0m[32m[1m"testdata/acceptance/java-maven-move-class-authority-20-modules"[0m[32m, with one root aggregator, exactly 20 unique active direct non-aggregating JAR children, and absent direct child [0m[32m[1m"catalog-domain"[0m                                                                                                                        [90m# void org.refactorkit.cli.packagedmavenmodulerename.PackagedJavaMavenModuleRenameQualificationSteps.permanentFixtureIsExact(java.lang.String,java.lang.String)[0m
      [32mAnd [0m[32mthis [0m[32m[1mpackaged daemon[0m[32m receives one fresh pairwise-distinct no-follow disposable byte copy that refuses every symbolic link, preserves every regular-file byte and directory path kind, and cannot write through or back to the permanent project, extracted image, or another case[0m                                                                       [90m# void org.refactorkit.cli.packagedmavenmodulerename.PackagedJavaMavenModuleRenameQualificationSteps.createFreshPairwiseCopy(java.lang.String)[0m
      [32mAnd [0m[32mbefore the subject starts, the harness independently retains these immutable identities without reading a preview, response, or journal record:[0m                                                                                                                                                                                                         [90m# void org.refactorkit.cli.packagedmavenmodulerename.PackagedJavaMavenModuleRenameQualificationSteps.retainIndependentIdentityClasses(io.cucumber.datatable.DataTable)[0m
        | identity | exact meaning                                                                                                                                          |
        | M0       | the permanent fixture's complete no-follow relative path, path-kind, byte-length, permission, and SHA-256 manifest                                     |
        | S0       | this copy's exact non-engine baseline bytes, path kinds, source and auxiliary inventories, 20-child reactor facts, and authoritative snapshot identity |
        | D0       | the exact clean canonical authoritative Maven and JDT diagnostic multiset for S0                                                                       |
        | C1       | the complete staged byte, path-kind, inventory, and reactor image produced from S0 by only the independently declared five-entry edit                  |
        | S1       | the authoritative committed snapshot identity and complete non-engine post-image required to equal C1 after a fresh scan                               |
      [32mAnd [0m[32mthe affected fixture bytes and their independently computed post-images are exactly:[0m                                                                                                                                                                                                                                                                    [90m# void org.refactorkit.cli.packagedmavenmodulerename.PackagedJavaMavenModuleRenameQualificationSteps.fixtureImagesEqualIndependentOracle(io.cucumber.datatable.DataTable)[0m
        | pre-image path                                                   | post-image path                                                   | pre-image bytes and SHA-256                                            | post-image bytes and SHA-256                                           |
        | pom.xml                                                          | pom.xml                                                           | 2717; f30c9b9cfd394aa431f390a4fb2ff752e37d92f984b8519476f55157c403ac4c | 2718; 1c0fe9b9ca5383628f346877afff52fd6afe00d1223ef391e736c5a3b5ceb23f |
        | catalog-model/pom.xml                                            | catalog-domain/pom.xml                                            | 397; d954a47ec44e429cbc94a4e0d5e5fc65fc006ab3335a2b5a26e45d2e7f03088e  | 398; e9a34b04e5d408a9f2f6444a30ed118d8dd2d88bf880e67ff297f296092ca17b  |
        | catalog-pricing/pom.xml                                          | catalog-pricing/pom.xml                                           | 3337; 88c4ffdf826165d119fe278bdc8946d75bbd76b2784c0e476cbf4f2ae06f9ecc | 3338; 10831298857e61c7f054200c046a277a29467f5d0cddc34f17c800c776fe307f |
        | catalog-model/src/main/java/com/acme/catalog/legacy/Product.java | catalog-domain/src/main/java/com/acme/catalog/legacy/Product.java | 94; 7bb9043767dbc5b61b34670812eed2c948eb6f0aca065a2cb76e28183573f663   | 94; 7bb9043767dbc5b61b34670812eed2c948eb6f0aca065a2cb76e28183573f663   |
      [32mAnd [0m[32mevery request is explicitly oldModuleDir=[0m[32m[1m"catalog-model"[0m[32m, newModuleDir=[0m[32m[1m"catalog-domain"[0m[32m, and newArtifactId=[0m[32m[1m"catalog-domain"[0m                                                                                                                                                                                                                             [90m# void org.refactorkit.cli.packagedmavenmodulerename.PackagedJavaMavenModuleRenameQualificationSteps.exactRequestIsRetained(java.lang.String,java.lang.String,java.lang.String)[0m
      [32mAnd [0m[32mthe harness is restricted to [0m[32m[1mnewline-delimited JSON-RPC 2.0 over stdio[0m[32m and these exact public interactions in order:[0m                                                                                                                                                                                                                                    [90m# void org.refactorkit.cli.packagedmavenmodulerename.PackagedJavaMavenModuleRenameQualificationSteps.interactionsAreExactlySurfaceBounded(java.lang.String,io.cucumber.datatable.DataTable)[0m
        | phase       | interaction                                                                                                                                                    |
        | establish   | one process receives `project.open root={copy}`                                                                                                                |
        | preview     | `refactor.preview operation=renameMavenModule languageId=java arguments={oldModuleDir=catalog-model,newModuleDir=catalog-domain,newArtifactId=catalog-domain}` |
        | apply       | `refactor.apply planId={same-session-planId}`                                                                                                                  |
        | diagnostics | `diagnostics`                                                                                                                                                  |
        | rollback    | `patch.rollback transactionId={same-session-transactionId}`                                                                                                    |
      [32mWhen [0m[32mthe harness performs [0m[32m[1mone process receives `project.open root={copy}`[0m[32m and then [0m[32m[1m`refactor.preview operation=renameMavenModule languageId=java arguments={oldModuleDir=catalog-model,newModuleDir=catalog-domain,newArtifactId=catalog-domain}`[0m[32m with "[0m[32m[1mrefactorkit-daemon[0m[32m" only from the extracted image through [0m[32m[1mnewline-delimited JSON-RPC 2.0 over stdio[0m [90m# void org.refactorkit.cli.packagedmavenmodulerename.PackagedJavaMavenModuleRenameQualificationSteps.establishAndPreview(java.lang.String,java.lang.String,java.lang.String,java.lang.String)[0m
      [32mThen [0m[32mthe selected launcher has started from the extracted image through its public POSIX or Windows form and, on POSIX, direct execution proves its recorded archive mode contains execute bits; across the three examples this executes and qualifies all three shipped launchers[0m                                                                          [90m# void org.refactorkit.cli.packagedmavenmodulerename.PackagedJavaMavenModuleRenameQualificationSteps.selectedLauncherStartsWithRequiredArchiveMode()[0m
      [32mAnd [0m[32mthe preview succeeds read-only with status [0m[32m[1m"PREVIEW"[0m[32m, requires explicit approval, and exposes canonical operation [0m[32m[1m"java.renameMavenModule"[0m                                                                                                                                                                                                              [90m# void org.refactorkit.cli.packagedmavenmodulerename.PackagedJavaMavenModuleRenameQualificationSteps.previewIsSuccessfulAndCanonical(java.lang.String,java.lang.String)[0m
      [32mAnd [0m[32mthe daemon preview uses only the existing input operation [0m[32m[1m"renameMavenModule"[0m[32m before returning canonical [0m[32m[1m"java.renameMavenModule"[0m[32m, while MCP supplies canonical [0m[32m[1m"java.renameMavenModule"[0m[32m and no new alias, method, field, protocol shape, or selector semantics is introduced[0m                                                                           [90m# void org.refactorkit.cli.packagedmavenmodulerename.PackagedJavaMavenModuleRenameQualificationSteps.aliasesAndCanonicalOperationRemainExisting(java.lang.String,java.lang.String,java.lang.String)[0m
      [32mAnd [0m[32m[0m[32m[1mone daemon process retains the returned canonical plan from preview through apply; only successful apply and rollback refresh session state[0m                                                                                                                                                                                                             [90m# void org.refactorkit.cli.packagedmavenmodulerename.PackagedJavaMavenModuleRenameQualificationSteps.planLifecycleIsSurfaceExact(java.lang.String)[0m
      [32mAnd [0m[32mthe preview's normalized WorkspaceEdit equals exactly these five ordered non-overlapping FileEdit entries, using zero-based end-exclusive ranges, and contains no other edit:[0m                                                                                                                                                                           [90m# void org.refactorkit.cli.packagedmavenmodulerename.PackagedJavaMavenModuleRenameQualificationSteps.previewWorkspaceEditIsExact(io.cucumber.datatable.DataTable)[0m
        | order | FileEdit | path                                                             | exact source range | exact new text | new path                                                          |
        | 1     | Modify   | catalog-model/pom.xml                                            | 9:14-9:27          | catalog-domain | [empty]                                                           |
        | 2     | Modify   | pom.xml                                                          | 74:12-74:25        | catalog-domain | [empty]                                                           |
        | 3     | Modify   | catalog-pricing/pom.xml                                          | 13:18-13:31        | catalog-domain | [empty]                                                           |
        | 4     | Rename   | catalog-model/pom.xml                                            | absent             | absent         | catalog-domain/pom.xml                                            |
        | 5     | Rename   | catalog-model/src/main/java/com/acme/catalog/legacy/Product.java | absent             | absent         | catalog-domain/src/main/java/com/acme/catalog/legacy/Product.java |
      [32mAnd [0m[32mits normalized affected-path set is exactly `pom.xml`, `catalog-model/pom.xml`, `catalog-pricing/pom.xml`, both Product source paths, and `catalog-domain/pom.xml`, with the repeated child-POM source counted once[0m                                                                                                                                     [90m# void org.refactorkit.cli.packagedmavenmodulerename.PackagedJavaMavenModuleRenameQualificationSteps.affectedPathsAreExact()[0m
      [32mAnd [0m[32monly the three listed element-text ranges change bytes; every parent coordinate, groupId, version, packaging, profile, dependency-management entry, transitive consumer, XML construct, whitespace, line ending, comment, processing instruction, unknown element, and Java source byte remains exact[0m                                                   [90m# void org.refactorkit.cli.packagedmavenmodulerename.PackagedJavaMavenModuleRenameQualificationSteps.onlyDeclaredRangesChangeBytes()[0m
      [32mAnd [0m[32mC1 retains exactly 20 direct children, replaces the root module in its original list position with `catalog-domain`, resolves `com.acme.refactorkit.fixture:catalog-domain:1.0.0` as a JAR, and makes `catalog-pricing` depend directly on that exact coordinate[0m                                                                                        [90m# void org.refactorkit.cli.packagedmavenmodulerename.PackagedJavaMavenModuleRenameQualificationSteps.c1ReactorIsExact()[0m
      [32mAnd [0m[32mC1 creates only this ordered destination-directory hierarchy while preserving the now-empty pre-existing `catalog-model` hierarchy:[0m                                                                                                                                                                                                                     [90m# void org.refactorkit.cli.packagedmavenmodulerename.PackagedJavaMavenModuleRenameQualificationSteps.c1CreatedDirectoriesAreExact(io.cucumber.datatable.DataTable)[0m
        | order | normalized created directory path                    |
        | 1     | catalog-domain                                       |
        | 2     | catalog-domain/src                                   |
        | 3     | catalog-domain/src/main                              |
        | 4     | catalog-domain/src/main/java                         |
        | 5     | catalog-domain/src/main/java/com                     |
        | 6     | catalog-domain/src/main/java/com/acme                |
        | 7     | catalog-domain/src/main/java/com/acme/catalog        |
        | 8     | catalog-domain/src/main/java/com/acme/catalog/legacy |
      [32mAnd [0m[32mpreview leaves the disposable copy exact S0 with no workspace lock, `.refactorkit` path, WAL record, transaction, target directory, or mutation of M0 or the extracted image[0m                                                                                                                                                                            [90m# void org.refactorkit.cli.packagedmavenmodulerename.PackagedJavaMavenModuleRenameQualificationSteps.previewIsReadOnly()[0m
      [32mWhen [0m[32mthe harness performs [0m[32m[1m`refactor.apply planId={same-session-planId}`[0m[32m according to [0m[32m[1mthe same process applies only its retained returned plan ID and returns one transaction ID[0m[32m with only the surface's generated correlation token where its existing lifecycle provides one[0m                                                                               [90m# void org.refactorkit.cli.packagedmavenmodulerename.PackagedJavaMavenModuleRenameQualificationSteps.applyThroughPublicSurface(java.lang.String,java.lang.String)[0m
      [32mThen [0m[32mthe applied plan equals the independent five-entry oracle, and only the existing operation-owned gate [0m[32m[1m"java-rename-maven-module-staged-reactor-v1"[0m[32m authorizes PatchEngine after evaluating exact S0 and C1 before PREPARED, then authoritative S1 with unchanged D0 after APPLIED and before public success, without generic `java-jdt` substitution[0m   [90m# void org.refactorkit.cli.packagedmavenmodulerename.PackagedJavaMavenModuleRenameQualificationSteps.appliedPlanAndGateAreExact(java.lang.String)[0m
      [32mAnd [0m[32mPatchEngine remains the sole lock, managed-write, diagnostics-gate, WAL, recovery, and rollback authority; the process harness and protocol responses manufacture no approval or write authority[0m                                                                                                                                                        [90m# void org.refactorkit.cli.packagedmavenmodulerename.PackagedJavaMavenModuleRenameQualificationSteps.patchEngineRemainsSoleAuthority()[0m
      [32mAnd [0m[32mfresh no-follow filesystem observation before journal inspection proves that the committed non-engine workspace is exact S1 and differs from S0 only by the declared post-image and path-kind oracle[0m                                                                                                                                                    [90m# void org.refactorkit.cli.packagedmavenmodulerename.PackagedJavaMavenModuleRenameQualificationSteps.committedWorkspaceIsExactS1()[0m
      [32mAnd [0m[32mthe harness performs [0m[32m[1m`diagnostics`[0m[32m and receives a clean fresh packaged-surface result whose authoritative Maven and JDT diagnostic multiset is exactly D0 for S1[0m                                                                                                                                                                                        [90m# void org.refactorkit.cli.packagedmavenmodulerename.PackagedJavaMavenModuleRenameQualificationSteps.packagedDiagnosticsAreClean(java.lang.String)[0m
      [32mAnd [0m[32mread-only journal inspection finds exactly one record and no second journal, with these exact facts:[0m                                                                                                                                                                                                                                                    [90m# void org.refactorkit.cli.packagedmavenmodulerename.PackagedJavaMavenModuleRenameQualificationSteps.appliedJournalFactsAreExact(io.cucumber.datatable.DataTable)[0m
        | field               | exact value                                                                                           |
        | schemaVersion       | integer literal 8                                                                                     |
        | operation           | java.renameMavenModule                                                                                |
        | state               | APPLIED                                                                                               |
        | approval            | EXPLICIT_APPLY, daemon-json-rpc, caller                                                               |
        | forwardEdit         | the exact normalized five-entry WorkspaceEdit above                                                   |
        | snapshot identities | pre-image S0 and authoritative post-image S1                                                          |
        | images              | the independently retained complete pre-images, post-images, permissions, and created-directory facts |
        | ordered history     | PREPARED, APPLYING, APPLIED                                                                           |
      [32mWhen [0m[32mthe harness performs [0m[32m[1m`patch.rollback transactionId={same-session-transactionId}`[0m[32m to request normal rollback of that sole transaction according to [0m[32m[1mthe same process uses only that transaction ID before shutdown[0m                                                                                                                                       [90m# void org.refactorkit.cli.packagedmavenmodulerename.PackagedJavaMavenModuleRenameQualificationSteps.rollbackThroughPublicSurface(java.lang.String,java.lang.String)[0m
      [32mThen [0m[32mrollback succeeds without force, recovery, compensation, or a second transaction and advances the same schema-v8 record to [0m[32m[1m"ROLLED_BACK"[0m                                                                                                                                                                                                               [90m# void org.refactorkit.cli.packagedmavenmodulerename.PackagedJavaMavenModuleRenameQualificationSteps.rollbackSucceedsOnSameRecord(java.lang.String)[0m
      [32mAnd [0m[32mits ordered history is exactly [0m[32m[1m"PREPARED, APPLYING, APPLIED, ROLLING_BACK, ROLLED_BACK"[0m[32m while its operation, approval, forward edit, images, created directories, S0, and S1 facts remain unchanged[0m                                                                                                                                                     [90m# void org.refactorkit.cli.packagedmavenmodulerename.PackagedJavaMavenModuleRenameQualificationSteps.rolledBackHistoryAndEvidenceRemainExact(java.lang.String)[0m
      [32mAnd [0m[32mfresh packaged diagnostics and no-follow observation prove exact restoration of every non-engine byte, path kind, permission, source and auxiliary inventory, reactor fact, snapshot identity S0, and diagnostic D0[0m                                                                                                                                     [90m# void org.refactorkit.cli.packagedmavenmodulerename.PackagedJavaMavenModuleRenameQualificationSteps.freshDiagnosticsAndObservationProveS0()[0m
      [32mAnd [0m[32m`catalog-model` again contains its two exact original files, the complete `catalog-domain` hierarchy is absent, and only the workspace lock plus the one advanced journal record remain as expected engine residue[0m                                                                                                                                      [90m# void org.refactorkit.cli.packagedmavenmodulerename.PackagedJavaMavenModuleRenameQualificationSteps.restoredModuleAndEngineResidueAreExact()[0m
      [32mAnd [0m[32mM0, every other disposable copy, the candidate archive, and the extracted subject image remain byte-identical and path-kind-identical to their pre-case identities[0m                                                                                                                                                                                      [90m# void org.refactorkit.cli.packagedmavenmodulerename.PackagedJavaMavenModuleRenameQualificationSteps.permanentSubjectsAndOtherCopiesRemainExact()[0m
      [32mAnd [0m[32mno denied process, plugin, script, setting, credential helper, external Java, or network authority was requested, and all supervised processes, streams, descendants, temporary outputs, and copies satisfy their bounded cleanup contract[0m                                                                                                              [90m# void org.refactorkit.cli.packagedmavenmodulerename.PackagedJavaMavenModuleRenameQualificationSteps.processAndAuthorityContractsAreClean()[0m

        Embedding packaged-module-rename-evidence [text/plain 113 bytes]

      [32mAnd [0m[32mthe always-emitted operation-specific native evidence binds these exact identity classes and their SHA-256 values where byte-addressable:[0m                                                                                                                                                                                                               [90m# void org.refactorkit.cli.packagedmavenmodulerename.PackagedJavaMavenModuleRenameQualificationSteps.evidenceBindsEveryIdentityClass(io.cucumber.datatable.DataTable)[0m
        | identity class | required bound subjects                                                                                                                  |
        | revision       | repository identity, full commit, tree, clean state, and reported RefactorKit version                                                    |
        | native runner  | operating system, architecture, runner, job, run, attempt, and immutable candidate revision                                              |
        | package        | archive name and SHA-256, extracted-tree hash, launcher path, mode and hash, and embedded-Java path, version and hash                    |
        | requirement    | feature hash, requirement ID, Scenario Outline, expanded packaged daemon example, exact request, and five-edit oracle hash               |
        | fixture        | permanent M0, disposable-copy identity, S0, D0, C1, S1, and proof that all three surface roots are pairwise distinct                     |
        | transaction    | sole transaction ID, schema-v8 operation, approval surface, forward-edit hash, snapshot identities, and APPLIED then ROLLED_BACK history |
        | reports        | Cucumber JSON, JUnit XML, complete stdout, stderr and execution log, manifest, archive checksum, and failure-diagnostic hashes           |

        Embedding packaged-module-rename-evidence [text/plain 113 bytes]

      [32mAnd [0m[32mthe native job publishes the Cucumber JSON, JUnit XML, complete logs, manifest, archive checksum, and failure diagnostics under an always-run condition, and any absent or unreconciled artifact fails that host row[0m                                                                                                                                    [90m# void org.refactorkit.cli.packagedmavenmodulerename.PackagedJavaMavenModuleRenameQualificationSteps.reportContractIsAlwaysMaterialized()[0m
      [32mBut [0m[32mthis scenario does not qualify or introduce any of these excluded scopes:[0m                                                                                                                                                                                                                                                                               [90m# void org.refactorkit.cli.packagedmavenmodulerename.PackagedJavaMavenModuleRenameQualificationSteps.excludedScopesRemainExcluded(io.cucumber.datatable.DataTable)[0m
        | explicitly excluded scope                                                                                                                                                                       |
        | an external or new sample, a second real repository, Magrathea, or any project other than the existing permanent 20-module fixture                                                              |
        | an omitted newArtifactId, directory-only intent, inferred coordinate, groupId or version migration, arbitrary dependency-origin handling, JPMS, package movement, or new planner semantics      |
        | a command-catalogue schema, operation-result schema, new daemon or MCP alias, new protocol field, or changed public lifecycle                                                                   |
        | a recipe, LSP or external editor path, source-built or in-process package evidence, or duplicate runner-specific feature text                                                                   |
        | Maven or Gradle lifecycle execution, plugins, annotation processors, project scripts, settings credentials, credential helpers, network access, or an external Java runtime                     |
        | a concurrency, crash-restart, corruption, refusal, forced-rollback, recovery, or compensation matrix beyond this exact normal rollback path                                                     |
        | a new aggregate, entity, repository, projection, domain event, event store, outbox, report repository, result store, second journal, or write authority outside PatchEngine                     |
        | general Maven populations, broad module-rename support, aggregate numerical coverage, I1 publication or downloaded-asset evidence, signing, notarization, installer UX, or release-wide support |
      [32mAnd [0m[32mno J1, support-matrix, package, native-host, or release row is promoted until the three cases pass independently on all four hosts and their four immutable native reports reconcile at one candidate revision[0m                                                                                                                                          [90m# void org.refactorkit.cli.packagedmavenmodulerename.PackagedJavaMavenModuleRenameQualificationSteps.noStatusIsPromotedByRedHarness()[0m

        Embedding packaged-module-rename-evidence [text/plain 113 bytes]


        Embedding packaged-module-rename-evidence [text/plain 113 bytes]


PackagedJavaMavenModuleRenameQualificationCucumberTest > Qualify the bounded Maven module rename through every packaged public process > <surface> renames the proven module through the extracted runtime and restores its own workspace > Examples > Example #1.3 STANDARD_OUT

    @packaged-runtime @native-qualification @REQ-JAVA-MAVEN-MODULE-RENAME-PACKAGED-001 @functional-requirement @non-functional-requirement @absent
    Scenario Outline: packaged MCP renames the proven module through the extracted runtime and restores its own workspace                                                                                                                                                                                                                                                                                                                                           [90m# java-maven-module-rename-packaged.feature:127[0m
      [32mGiven [0m[32mimmutable baseline [0m[32m[1m"docs/requirements/req-java-maven-module-rename-packaged-001-baseline.md"[0m[32m has SHA-256 [0m[32m[1m"07ceef18167976c3e87d9738a9e677371ca91cbd49a421b3f645918def5a374d"[0m                                                                                                                                                                                                                                                                             [90m# void org.refactorkit.cli.packagedmavenmodulerename.PackagedJavaMavenModuleRenameQualificationSteps.immutableBaselineHasExpectedHash(java.lang.String,java.lang.String)[0m
      [32mAnd [0m[32mapproved change [0m[32m[1m"docs/requirements/req-java-maven-module-rename-packaged-001-approved-change-001.md"[0m[32m has SHA-256 [0m[32m[1m"738a08b0622e42658c94d874a70b989bb29eb366a9575b9b96c46473154908ce"[0m[32m and replaces the external-reactor and omitted-artifact clauses[0m                                                                                                                                                                                                        [90m# void org.refactorkit.cli.packagedmavenmodulerename.PackagedJavaMavenModuleRenameQualificationSteps.approvedChangeHasExpectedHash(java.lang.String,java.lang.String)[0m
      [32mAnd [0m[32mthe native runner identifies exactly one current host from this closed matrix while retaining its exact runner, job, run, and attempt identity:[0m                                                                                                                                                                                                                                                                                                           [90m# void org.refactorkit.cli.packagedmavenmodulerename.PackagedJavaMavenModuleRenameQualificationSteps.currentHostIsOneClosedMatrixEntry(io.cucumber.datatable.DataTable)[0m
        | operating system | architecture |
        | Linux            | x86-64       |
        | Windows          | x86-64       |
        | macOS            | x86-64       |
        | macOS            | arm64        |
      [32mAnd [0m[32mall four host runners bind the same full repository commit and tree plus clean/version state, while each runner binds its own platform candidate archive name and SHA-256 to that common revision before any case starts[0m                                                                                                                                                                                                                                  [90m# void org.refactorkit.cli.packagedmavenmodulerename.PackagedJavaMavenModuleRenameQualificationSteps.bindRevisionVersionAndCandidate()[0m
      [32mAnd [0m[32mthe candidate archive is extracted once into an isolated read-only subject image whose complete no-follow tree hash is recorded before and after the case[0m                                                                                                                                                                                                                                                                                                 [90m# void org.refactorkit.cli.packagedmavenmodulerename.PackagedJavaMavenModuleRenameQualificationSteps.retainExtractedCandidateManifest()[0m
      [32mAnd [0m[32mthe runner resolves "[0m[32m[1mrefactorkit-mcp[0m[32m" only as `bin/[0m[32m[1mrefactorkit-mcp[0m[32m` on POSIX or `bin/[0m[32m[1mrefactorkit-mcp[0m[32m.bat` on Windows inside that extracted image and will start no other subject executable[0m                                                                                                                                                                                                                                                               [90m# void org.refactorkit.cli.packagedmavenmodulerename.PackagedJavaMavenModuleRenameQualificationSteps.resolveOnlySelectedLauncher(java.lang.String,java.lang.String,java.lang.String)[0m
      [32mAnd [0m[32mthe runner records the selected launcher entry type, archive mode, and SHA-256 without repairing its permissions; POSIX will invoke that path without a shell or interpreter, Windows will use the corresponding public batch launcher, and the embedded `runtime/bin/java` or `runtime/bin/java.exe` is a regular executable archive entry[0m                                                                                                               [90m# void org.refactorkit.cli.packagedmavenmodulerename.PackagedJavaMavenModuleRenameQualificationSteps.retainLauncherAndEmbeddedJavaEvidence()[0m
      [32mAnd [0m[32mthe subject environment removes inherited `JAVA_HOME`, `JDK_JAVA_OPTIONS`, `JAVA_TOOL_OPTIONS`, `_JAVA_OPTIONS`, classpath, Maven, Gradle, credential, proxy, and user-settings authority[0m                                                                                                                                                                                                                                                                 [90m# void org.refactorkit.cli.packagedmavenmodulerename.PackagedJavaMavenModuleRenameQualificationSteps.createScrubbedSubjectEnvironment()[0m
      [32mAnd [0m[32misolated home and temporary directories plus a minimal poison `PATH` put a failing decoy `java` ahead of every external tool, while launcher and process evidence proves only the archive's hash-bound embedded Java executes[0m                                                                                                                                                                                                                             [90m# void org.refactorkit.cli.packagedmavenmodulerename.PackagedJavaMavenModuleRenameQualificationSteps.isolatedDirectoriesAndPoisonPathAreReady()[0m
      [32mAnd [0m[32mno Gradle application classpath, source-built or in-process session, developer installation, globally installed Java, or fallback launcher is available to the subject[0m                                                                                                                                                                                                                                                                                    [90m# void org.refactorkit.cli.packagedmavenmodulerename.PackagedJavaMavenModuleRenameQualificationSteps.subjectHasNoSourceBuiltFallback()[0m
      [32mAnd [0m[32mstartup, each request, complete untruncated stdout and stderr, memory where enforceable, total runtime, descendants, output files, and no-follow cleanup are bounded fail-closed, so a timeout, truncated stream, live descendant, cleanup failure, or missing report fails the case[0m                                                                                                                                                                      [90m# void org.refactorkit.cli.packagedmavenmodulerename.PackagedJavaMavenModuleRenameQualificationSteps.boundedContractsAreConfigured()[0m
      [32mAnd [0m[32mprocess and network tripwires deny Maven or Gradle wrappers and lifecycles, plugins, annotation processors, generators, project scripts, user or global settings, mirrors, proxies, servers, credentials, credential helpers, and every network request during discovery, preview, staged evaluation, apply, diagnostics, and rollback[0m                                                                                                                    [90m# void org.refactorkit.cli.packagedmavenmodulerename.PackagedJavaMavenModuleRenameQualificationSteps.deniedAuthorityTripwiresAreReady()[0m
      [32mAnd [0m[32mthe only permanent project is [0m[32m[1m"testdata/acceptance/java-maven-move-class-authority-20-modules"[0m[32m, with one root aggregator, exactly 20 unique active direct non-aggregating JAR children, and absent direct child [0m[32m[1m"catalog-domain"[0m                                                                                                                                                                                                                          [90m# void org.refactorkit.cli.packagedmavenmodulerename.PackagedJavaMavenModuleRenameQualificationSteps.permanentFixtureIsExact(java.lang.String,java.lang.String)[0m
      [32mAnd [0m[32mthis [0m[32m[1mpackaged MCP[0m[32m receives one fresh pairwise-distinct no-follow disposable byte copy that refuses every symbolic link, preserves every regular-file byte and directory path kind, and cannot write through or back to the permanent project, extracted image, or another case[0m                                                                                                                                                                            [90m# void org.refactorkit.cli.packagedmavenmodulerename.PackagedJavaMavenModuleRenameQualificationSteps.createFreshPairwiseCopy(java.lang.String)[0m
      [32mAnd [0m[32mbefore the subject starts, the harness independently retains these immutable identities without reading a preview, response, or journal record:[0m                                                                                                                                                                                                                                                                                                           [90m# void org.refactorkit.cli.packagedmavenmodulerename.PackagedJavaMavenModuleRenameQualificationSteps.retainIndependentIdentityClasses(io.cucumber.datatable.DataTable)[0m
        | identity | exact meaning                                                                                                                                          |
        | M0       | the permanent fixture's complete no-follow relative path, path-kind, byte-length, permission, and SHA-256 manifest                                     |
        | S0       | this copy's exact non-engine baseline bytes, path kinds, source and auxiliary inventories, 20-child reactor facts, and authoritative snapshot identity |
        | D0       | the exact clean canonical authoritative Maven and JDT diagnostic multiset for S0                                                                       |
        | C1       | the complete staged byte, path-kind, inventory, and reactor image produced from S0 by only the independently declared five-entry edit                  |
        | S1       | the authoritative committed snapshot identity and complete non-engine post-image required to equal C1 after a fresh scan                               |
      [32mAnd [0m[32mthe affected fixture bytes and their independently computed post-images are exactly:[0m                                                                                                                                                                                                                                                                                                                                                                      [90m# void org.refactorkit.cli.packagedmavenmodulerename.PackagedJavaMavenModuleRenameQualificationSteps.fixtureImagesEqualIndependentOracle(io.cucumber.datatable.DataTable)[0m
        | pre-image path                                                   | post-image path                                                   | pre-image bytes and SHA-256                                            | post-image bytes and SHA-256                                           |
        | pom.xml                                                          | pom.xml                                                           | 2717; f30c9b9cfd394aa431f390a4fb2ff752e37d92f984b8519476f55157c403ac4c | 2718; 1c0fe9b9ca5383628f346877afff52fd6afe00d1223ef391e736c5a3b5ceb23f |
        | catalog-model/pom.xml                                            | catalog-domain/pom.xml                                            | 397; d954a47ec44e429cbc94a4e0d5e5fc65fc006ab3335a2b5a26e45d2e7f03088e  | 398; e9a34b04e5d408a9f2f6444a30ed118d8dd2d88bf880e67ff297f296092ca17b  |
        | catalog-pricing/pom.xml                                          | catalog-pricing/pom.xml                                           | 3337; 88c4ffdf826165d119fe278bdc8946d75bbd76b2784c0e476cbf4f2ae06f9ecc | 3338; 10831298857e61c7f054200c046a277a29467f5d0cddc34f17c800c776fe307f |
        | catalog-model/src/main/java/com/acme/catalog/legacy/Product.java | catalog-domain/src/main/java/com/acme/catalog/legacy/Product.java | 94; 7bb9043767dbc5b61b34670812eed2c948eb6f0aca065a2cb76e28183573f663   | 94; 7bb9043767dbc5b61b34670812eed2c948eb6f0aca065a2cb76e28183573f663   |
      [32mAnd [0m[32mevery request is explicitly oldModuleDir=[0m[32m[1m"catalog-model"[0m[32m, newModuleDir=[0m[32m[1m"catalog-domain"[0m[32m, and newArtifactId=[0m[32m[1m"catalog-domain"[0m                                                                                                                                                                                                                                                                                                                               [90m# void org.refactorkit.cli.packagedmavenmodulerename.PackagedJavaMavenModuleRenameQualificationSteps.exactRequestIsRetained(java.lang.String,java.lang.String,java.lang.String)[0m
      [32mAnd [0m[32mthe harness is restricted to [0m[32m[1mMCP JSON-RPC 2.0 over newline-delimited stdio using `tools/call`[0m[32m and these exact public interactions in order:[0m                                                                                                                                                                                                                                                                                                               [90m# void org.refactorkit.cli.packagedmavenmodulerename.PackagedJavaMavenModuleRenameQualificationSteps.interactionsAreExactlySurfaceBounded(java.lang.String,io.cucumber.datatable.DataTable)[0m
        | phase       | interaction                                                                                                                                                                       |
        | establish   | one process completes `initialize`, `notifications/initialized`, and `tools/call project_scan root={copy}`                                                                        |
        | preview     | `tools/call preview_refactoring operation=java.renameMavenModule languageId=java arguments={oldModuleDir=catalog-model,newModuleDir=catalog-domain,newArtifactId=catalog-domain}` |
        | apply       | `tools/call apply_refactoring planId={same-session-planId}`                                                                                                                       |
        | diagnostics | `tools/call diagnostics`                                                                                                                                                          |
        | rollback    | `tools/call rollback_refactoring transactionId={same-session-transactionId}`                                                                                                      |
      [32mWhen [0m[32mthe harness performs [0m[32m[1mone process completes `initialize`, `notifications/initialized`, and `tools/call project_scan root={copy}`[0m[32m and then [0m[32m[1m`tools/call preview_refactoring operation=java.renameMavenModule languageId=java arguments={oldModuleDir=catalog-model,newModuleDir=catalog-domain,newArtifactId=catalog-domain}`[0m[32m with "[0m[32m[1mrefactorkit-mcp[0m[32m" only from the extracted image through [0m[32m[1mMCP JSON-RPC 2.0 over newline-delimited stdio using `tools/call`[0m [90m# void org.refactorkit.cli.packagedmavenmodulerename.PackagedJavaMavenModuleRenameQualificationSteps.establishAndPreview(java.lang.String,java.lang.String,java.lang.String,java.lang.String)[0m
      [31mThen [0m[31mthe selected launcher has started from the extracted image through its public POSIX or Windows form and, on POSIX, direct execution proves its recorded archive mode contains execute bits; across the three examples this executes and qualifies all three shipped launchers[0m                                                                                                                                                                            [90m# void org.refactorkit.cli.packagedmavenmodulerename.PackagedJavaMavenModuleRenameQualificationSteps.selectedLauncherStartsWithRequiredArchiveMode()[0m
          [31morg.opentest4j.AssertionFailedError: REQ-JAVA-MAVEN-MODULE-RENAME-PACKAGED-001: extracted bin/refactorkit-mcp archive mode 0644 has no execute bit; direct POSIX execution refused with SubjectStartRefused (EACCES/error 13)
    	at org.junit.jupiter.api.AssertionUtils.fail(AssertionUtils.java:38)
    	at org.junit.jupiter.api.Assertions.fail(Assertions.java:138)
    	at kotlin.test.junit5.JUnit5Asserter.fail(JUnitSupport.kt:56)
    	at kotlin.test.Asserter$DefaultImpls.assertTrue(Assertions.kt:694)
    	at kotlin.test.junit5.JUnit5Asserter.assertTrue(JUnitSupport.kt:30)
    	at kotlin.test.Asserter$DefaultImpls.assertTrue(Assertions.kt:704)
    	at kotlin.test.junit5.JUnit5Asserter.assertTrue(JUnitSupport.kt:30)
    	at kotlin.test.AssertionsKt__AssertionsKt.assertTrue(Assertions.kt:44)
    	at kotlin.test.AssertionsKt.assertTrue(Unknown Source)
    	at org.refactorkit.cli.packagedmavenmodulerename.PackagedJavaMavenModuleRenameQualificationSteps.selectedLauncherStartsWithRequiredArchiveMode(PackagedJavaMavenModuleRenameQualificationSteps.kt:469)
    	at ✽.the selected launcher has started from the extracted image through its public POSIX or Windows form and, on POSIX, direct execution proves its recorded archive mode contains execute bits; across the three examples this executes and qualifies all three shipped launchers(classpath:java-maven-module-rename-packaged.feature:54)
    [0m
      [36mAnd [0m[36mthe preview succeeds read-only with status [0m[36m[1m"PREVIEW"[0m[36m, requires explicit approval, and exposes canonical operation [0m[36m[1m"java.renameMavenModule"[0m                                                                                                                                                                                                                                                                                                                [90m# void org.refactorkit.cli.packagedmavenmodulerename.PackagedJavaMavenModuleRenameQualificationSteps.previewIsSuccessfulAndCanonical(java.lang.String,java.lang.String)[0m
      [36mAnd [0m[36mthe daemon preview uses only the existing input operation [0m[36m[1m"renameMavenModule"[0m[36m before returning canonical [0m[36m[1m"java.renameMavenModule"[0m[36m, while MCP supplies canonical [0m[36m[1m"java.renameMavenModule"[0m[36m and no new alias, method, field, protocol shape, or selector semantics is introduced[0m                                                                                                                                                                             [90m# void org.refactorkit.cli.packagedmavenmodulerename.PackagedJavaMavenModuleRenameQualificationSteps.aliasesAndCanonicalOperationRemainExisting(java.lang.String,java.lang.String,java.lang.String)[0m
      [36mAnd [0m[36m[0m[36m[1mone initialized MCP process retains the canonical plan from preview through apply and retains correlation only inside that session[0m                                                                                                                                                                                                                                                                                                                        [90m# void org.refactorkit.cli.packagedmavenmodulerename.PackagedJavaMavenModuleRenameQualificationSteps.planLifecycleIsSurfaceExact(java.lang.String)[0m
      [36mAnd [0m[36mthe preview's normalized WorkspaceEdit equals exactly these five ordered non-overlapping FileEdit entries, using zero-based end-exclusive ranges, and contains no other edit:[0m                                                                                                                                                                                                                                                                             [90m# void org.refactorkit.cli.packagedmavenmodulerename.PackagedJavaMavenModuleRenameQualificationSteps.previewWorkspaceEditIsExact(io.cucumber.datatable.DataTable)[0m
        | order | FileEdit | path                                                             | exact source range | exact new text | new path                                                          |
        | 1     | Modify   | catalog-model/pom.xml                                            | 9:14-9:27          | catalog-domain | [empty]                                                           |
        | 2     | Modify   | pom.xml                                                          | 74:12-74:25        | catalog-domain | [empty]                                                           |
        | 3     | Modify   | catalog-pricing/pom.xml                                          | 13:18-13:31        | catalog-domain | [empty]                                                           |
        | 4     | Rename   | catalog-model/pom.xml                                            | absent             | absent         | catalog-domain/pom.xml                                            |
        | 5     | Rename   | catalog-model/src/main/java/com/acme/catalog/legacy/Product.java | absent             | absent         | catalog-domain/src/main/java/com/acme/catalog/legacy/Product.java |
      [36mAnd [0m[36mits normalized affected-path set is exactly `pom.xml`, `catalog-model/pom.xml`, `catalog-pricing/pom.xml`, both Product source paths, and `catalog-domain/pom.xml`, with the repeated child-POM source counted once[0m                                                                                                                                                                                                                                       [90m# void org.refactorkit.cli.packagedmavenmodulerename.PackagedJavaMavenModuleRenameQualificationSteps.affectedPathsAreExact()[0m
      [36mAnd [0m[36monly the three listed element-text ranges change bytes; every parent coordinate, groupId, version, packaging, profile, dependency-management entry, transitive consumer, XML construct, whitespace, line ending, comment, processing instruction, unknown element, and Java source byte remains exact[0m                                                                                                                                                     [90m# void org.refactorkit.cli.packagedmavenmodulerename.PackagedJavaMavenModuleRenameQualificationSteps.onlyDeclaredRangesChangeBytes()[0m
      [36mAnd [0m[36mC1 retains exactly 20 direct children, replaces the root module in its original list position with `catalog-domain`, resolves `com.acme.refactorkit.fixture:catalog-domain:1.0.0` as a JAR, and makes `catalog-pricing` depend directly on that exact coordinate[0m                                                                                                                                                                                          [90m# void org.refactorkit.cli.packagedmavenmodulerename.PackagedJavaMavenModuleRenameQualificationSteps.c1ReactorIsExact()[0m
      [36mAnd [0m[36mC1 creates only this ordered destination-directory hierarchy while preserving the now-empty pre-existing `catalog-model` hierarchy:[0m                                                                                                                                                                                                                                                                                                                       [90m# void org.refactorkit.cli.packagedmavenmodulerename.PackagedJavaMavenModuleRenameQualificationSteps.c1CreatedDirectoriesAreExact(io.cucumber.datatable.DataTable)[0m
        | order | normalized created directory path                    |
        | 1     | catalog-domain                                       |
        | 2     | catalog-domain/src                                   |
        | 3     | catalog-domain/src/main                              |
        | 4     | catalog-domain/src/main/java                         |
        | 5     | catalog-domain/src/main/java/com                     |
        | 6     | catalog-domain/src/main/java/com/acme                |
        | 7     | catalog-domain/src/main/java/com/acme/catalog        |
        | 8     | catalog-domain/src/main/java/com/acme/catalog/legacy |
      [36mAnd [0m[36mpreview leaves the disposable copy exact S0 with no workspace lock, `.refactorkit` path, WAL record, transaction, target directory, or mutation of M0 or the extracted image[0m                                                                                                                                                                                                                                                                              [90m# void org.refactorkit.cli.packagedmavenmodulerename.PackagedJavaMavenModuleRenameQualificationSteps.previewIsReadOnly()[0m
      [36mWhen [0m[36mthe harness performs [0m[36m[1m`tools/call apply_refactoring planId={same-session-planId}`[0m[36m according to [0m[36m[1mthe same initialized process applies only its retained returned plan ID and returns one transaction ID[0m[36m with only the surface's generated correlation token where its existing lifecycle provides one[0m                                                                                                                                                       [90m# void org.refactorkit.cli.packagedmavenmodulerename.PackagedJavaMavenModuleRenameQualificationSteps.applyThroughPublicSurface(java.lang.String,java.lang.String)[0m
      [36mThen [0m[36mthe applied plan equals the independent five-entry oracle, and only the existing operation-owned gate [0m[36m[1m"java-rename-maven-module-staged-reactor-v1"[0m[36m authorizes PatchEngine after evaluating exact S0 and C1 before PREPARED, then authoritative S1 with unchanged D0 after APPLIED and before public success, without generic `java-jdt` substitution[0m                                                                                                     [90m# void org.refactorkit.cli.packagedmavenmodulerename.PackagedJavaMavenModuleRenameQualificationSteps.appliedPlanAndGateAreExact(java.lang.String)[0m
      [36mAnd [0m[36mPatchEngine remains the sole lock, managed-write, diagnostics-gate, WAL, recovery, and rollback authority; the process harness and protocol responses manufacture no approval or write authority[0m                                                                                                                                                                                                                                                          [90m# void org.refactorkit.cli.packagedmavenmodulerename.PackagedJavaMavenModuleRenameQualificationSteps.patchEngineRemainsSoleAuthority()[0m
      [36mAnd [0m[36mfresh no-follow filesystem observation before journal inspection proves that the committed non-engine workspace is exact S1 and differs from S0 only by the declared post-image and path-kind oracle[0m                                                                                                                                                                                                                                                      [90m# void org.refactorkit.cli.packagedmavenmodulerename.PackagedJavaMavenModuleRenameQualificationSteps.committedWorkspaceIsExactS1()[0m
      [36mAnd [0m[36mthe harness performs [0m[36m[1m`tools/call diagnostics`[0m[36m and receives a clean fresh packaged-surface result whose authoritative Maven and JDT diagnostic multiset is exactly D0 for S1[0m                                                                                                                                                                                                                                                                               [90m# void org.refactorkit.cli.packagedmavenmodulerename.PackagedJavaMavenModuleRenameQualificationSteps.packagedDiagnosticsAreClean(java.lang.String)[0m
      [36mAnd [0m[36mread-only journal inspection finds exactly one record and no second journal, with these exact facts:[0m                                                                                                                                                                                                                                                                                                                                                      [90m# void org.refactorkit.cli.packagedmavenmodulerename.PackagedJavaMavenModuleRenameQualificationSteps.appliedJournalFactsAreExact(io.cucumber.datatable.DataTable)[0m
        | field               | exact value                                                                                           |
        | schemaVersion       | integer literal 8                                                                                     |
        | operation           | java.renameMavenModule                                                                                |
        | state               | APPLIED                                                                                               |
        | approval            | EXPLICIT_APPLY, mcp-tool, caller                                                                      |
        | forwardEdit         | the exact normalized five-entry WorkspaceEdit above                                                   |
        | snapshot identities | pre-image S0 and authoritative post-image S1                                                          |
        | images              | the independently retained complete pre-images, post-images, permissions, and created-directory facts |
        | ordered history     | PREPARED, APPLYING, APPLIED                                                                           |
      [36mWhen [0m[36mthe harness performs [0m[36m[1m`tools/call rollback_refactoring transactionId={same-session-transactionId}`[0m[36m to request normal rollback of that sole transaction according to [0m[36m[1mthe same initialized process uses only that transaction ID before shutdown[0m                                                                                                                                                                                                            [90m# void org.refactorkit.cli.packagedmavenmodulerename.PackagedJavaMavenModuleRenameQualificationSteps.rollbackThroughPublicSurface(java.lang.String,java.lang.String)[0m
      [36mThen [0m[36mrollback succeeds without force, recovery, compensation, or a second transaction and advances the same schema-v8 record to [0m[36m[1m"ROLLED_BACK"[0m                                                                                                                                                                                                                                                                                                                 [90m# void org.refactorkit.cli.packagedmavenmodulerename.PackagedJavaMavenModuleRenameQualificationSteps.rollbackSucceedsOnSameRecord(java.lang.String)[0m
      [36mAnd [0m[36mits ordered history is exactly [0m[36m[1m"PREPARED, APPLYING, APPLIED, ROLLING_BACK, ROLLED_BACK"[0m[36m while its operation, approval, forward edit, images, created directories, S0, and S1 facts remain unchanged[0m                                                                                                                                                                                                                                                       [90m# void org.refactorkit.cli.packagedmavenmodulerename.PackagedJavaMavenModuleRenameQualificationSteps.rolledBackHistoryAndEvidenceRemainExact(java.lang.String)[0m
      [36mAnd [0m[36mfresh packaged diagnostics and no-follow observation prove exact restoration of every non-engine byte, path kind, permission, source and auxiliary inventory, reactor fact, snapshot identity S0, and diagnostic D0[0m                                                                                                                                                                                                                                       [90m# void org.refactorkit.cli.packagedmavenmodulerename.PackagedJavaMavenModuleRenameQualificationSteps.freshDiagnosticsAndObservationProveS0()[0m
      [36mAnd [0m[36m`catalog-model` again contains its two exact original files, the complete `catalog-domain` hierarchy is absent, and only the workspace lock plus the one advanced journal record remain as expected engine residue[0m                                                                                                                                                                                                                                        [90m# void org.refactorkit.cli.packagedmavenmodulerename.PackagedJavaMavenModuleRenameQualificationSteps.restoredModuleAndEngineResidueAreExact()[0m
      [36mAnd [0m[36mM0, every other disposable copy, the candidate archive, and the extracted subject image remain byte-identical and path-kind-identical to their pre-case identities[0m                                                                                                                                                                                                                                                                                        [90m# void org.refactorkit.cli.packagedmavenmodulerename.PackagedJavaMavenModuleRenameQualificationSteps.permanentSubjectsAndOtherCopiesRemainExact()[0m
      [36mAnd [0m[36mno denied process, plugin, script, setting, credential helper, external Java, or network authority was requested, and all supervised processes, streams, descendants, temporary outputs, and copies satisfy their bounded cleanup contract[0m                                                                                                                                                                                                                [90m# void org.refactorkit.cli.packagedmavenmodulerename.PackagedJavaMavenModuleRenameQualificationSteps.processAndAuthorityContractsAreClean()[0m
      [36mAnd [0m[36mthe always-emitted operation-specific native evidence binds these exact identity classes and their SHA-256 values where byte-addressable:[0m                                                                                                                                                                                                                                                                                                                 [90m# void org.refactorkit.cli.packagedmavenmodulerename.PackagedJavaMavenModuleRenameQualificationSteps.evidenceBindsEveryIdentityClass(io.cucumber.datatable.DataTable)[0m
        | identity class | required bound subjects                                                                                                                  |
        | revision       | repository identity, full commit, tree, clean state, and reported RefactorKit version                                                    |
        | native runner  | operating system, architecture, runner, job, run, attempt, and immutable candidate revision                                              |
        | package        | archive name and SHA-256, extracted-tree hash, launcher path, mode and hash, and embedded-Java path, version and hash                    |
        | requirement    | feature hash, requirement ID, Scenario Outline, expanded packaged MCP example, exact request, and five-edit oracle hash                  |
        | fixture        | permanent M0, disposable-copy identity, S0, D0, C1, S1, and proof that all three surface roots are pairwise distinct                     |
        | transaction    | sole transaction ID, schema-v8 operation, approval surface, forward-edit hash, snapshot identities, and APPLIED then ROLLED_BACK history |
        | reports        | Cucumber JSON, JUnit XML, complete stdout, stderr and execution log, manifest, archive checksum, and failure-diagnostic hashes           |
      [36mAnd [0m[36mthe native job publishes the Cucumber JSON, JUnit XML, complete logs, manifest, archive checksum, and failure diagnostics under an always-run condition, and any absent or unreconciled artifact fails that host row[0m                                                                                                                                                                                                                                      [90m# void org.refactorkit.cli.packagedmavenmodulerename.PackagedJavaMavenModuleRenameQualificationSteps.reportContractIsAlwaysMaterialized()[0m
      [36mBut [0m[36mthis scenario does not qualify or introduce any of these excluded scopes:[0m                                                                                                                                                                                                                                                                                                                                                                                 [90m# void org.refactorkit.cli.packagedmavenmodulerename.PackagedJavaMavenModuleRenameQualificationSteps.excludedScopesRemainExcluded(io.cucumber.datatable.DataTable)[0m
        | explicitly excluded scope                                                                                                                                                                       |
        | an external or new sample, a second real repository, Magrathea, or any project other than the existing permanent 20-module fixture                                                              |
        | an omitted newArtifactId, directory-only intent, inferred coordinate, groupId or version migration, arbitrary dependency-origin handling, JPMS, package movement, or new planner semantics      |
        | a command-catalogue schema, operation-result schema, new daemon or MCP alias, new protocol field, or changed public lifecycle                                                                   |
        | a recipe, LSP or external editor path, source-built or in-process package evidence, or duplicate runner-specific feature text                                                                   |
        | Maven or Gradle lifecycle execution, plugins, annotation processors, project scripts, settings credentials, credential helpers, network access, or an external Java runtime                     |
        | a concurrency, crash-restart, corruption, refusal, forced-rollback, recovery, or compensation matrix beyond this exact normal rollback path                                                     |
        | a new aggregate, entity, repository, projection, domain event, event store, outbox, report repository, result store, second journal, or write authority outside PatchEngine                     |
        | general Maven populations, broad module-rename support, aggregate numerical coverage, I1 publication or downloaded-asset evidence, signing, notarization, installer UX, or release-wide support |
      [36mAnd [0m[36mno J1, support-matrix, package, native-host, or release row is promoted until the three cases pass independently on all four hosts and their four immutable native reports reconcile at one candidate revision[0m                                                                                                                                                                                                                                            [90m# void org.refactorkit.cli.packagedmavenmodulerename.PackagedJavaMavenModuleRenameQualificationSteps.noStatusIsPromotedByRedHarness()[0m

        Embedding packaged-module-rename-evidence [text/plain 110 bytes]


        Embedding packaged-module-rename-evidence [text/plain 110 bytes]


PackagedJavaMavenModuleRenameQualificationCucumberTest > Qualify the bounded Maven module rename through every packaged public process > <surface> renames the proven module through the extracted runtime and restores its own workspace > Examples > Example #1.3 FAILED
    org.opentest4j.AssertionFailedError: REQ-JAVA-MAVEN-MODULE-RENAME-PACKAGED-001: extracted bin/refactorkit-mcp archive mode 0644 has no execute bit; direct POSIX execution refused with SubjectStartRefused (EACCES/error 13)
        at app//kotlin.test.junit5.JUnit5Asserter.fail(JUnitSupport.kt:56)
        at app//kotlin.test.Asserter$DefaultImpls.assertTrue(Assertions.kt:694)
        at app//kotlin.test.junit5.JUnit5Asserter.assertTrue(JUnitSupport.kt:30)
        at app//kotlin.test.Asserter$DefaultImpls.assertTrue(Assertions.kt:704)
        at app//kotlin.test.junit5.JUnit5Asserter.assertTrue(JUnitSupport.kt:30)
        at app//kotlin.test.AssertionsKt__AssertionsKt.assertTrue(Assertions.kt:44)
        at app//kotlin.test.AssertionsKt.assertTrue(Unknown Source)
        at app//org.refactorkit.cli.packagedmavenmodulerename.PackagedJavaMavenModuleRenameQualificationSteps.selectedLauncherStartsWithRequiredArchiveMode(PackagedJavaMavenModuleRenameQualificationSteps.kt:469)
        at ✽.the selected launcher has started from the extracted image through its public POSIX or Windows form and, on POSIX, direct execution proves its recorded archive mode contains execute bits; across the three examples this executes and qualifies all three shipped launchers(classpath:java-maven-module-rename-packaged.feature:54)

Gradle Test Executor 1 finished executing tests.

> Task :modules:refactorkit-cli:packagedMavenModuleRenameQualificationTest FAILED

3 tests completed, 1 failed
Generating HTML test report...
Finished generating test html results (0.04 secs) into: <repository-root>/modules/refactorkit-cli/build/reports/tests/packagedMavenModuleRenameQualificationTest
Finished generating test XML results (0.007 secs) into: <repository-root>/modules/refactorkit-cli/build/test-results/packagedMavenModuleRenameQualificationTest

[Incubating] Problems report is available at: file://<repository-root>/build/reports/problems/problems-report.html

FAILURE: Build failed with an exception.

* What went wrong:
Execution failed for task ':modules:refactorkit-cli:packagedMavenModuleRenameQualificationTest'.
> There were failing tests. See the report at: file://<repository-root>/modules/refactorkit-cli/build/reports/tests/packagedMavenModuleRenameQualificationTest/index.html

* Try:
> Run with --scan to get full insights from a Build Scan (powered by Develocity).

* Exception is:
org.gradle.api.tasks.TaskExecutionException: Execution failed for task ':modules:refactorkit-cli:packagedMavenModuleRenameQualificationTest'.
	at org.gradle.api.internal.tasks.execution.ExecuteActionsTaskExecuter.lambda$executeIfValid$1(ExecuteActionsTaskExecuter.java:135)
	at org.gradle.internal.Try$Failure.ifSuccessfulOrElse(Try.java:288)
	at org.gradle.api.internal.tasks.execution.ExecuteActionsTaskExecuter.executeIfValid(ExecuteActionsTaskExecuter.java:133)
	at org.gradle.api.internal.tasks.execution.ExecuteActionsTaskExecuter.execute(ExecuteActionsTaskExecuter.java:121)
	at org.gradle.api.internal.tasks.execution.ProblemsTaskPathTrackingTaskExecuter.execute(ProblemsTaskPathTrackingTaskExecuter.java:41)
	at org.gradle.api.internal.tasks.execution.ResolveTaskExecutionModeExecuter.execute(ResolveTaskExecutionModeExecuter.java:51)
	at org.gradle.api.internal.tasks.execution.FinalizePropertiesTaskExecuter.execute(FinalizePropertiesTaskExecuter.java:46)
	at org.gradle.api.internal.tasks.execution.SkipTaskWithNoActionsExecuter.execute(SkipTaskWithNoActionsExecuter.java:57)
	at org.gradle.api.internal.tasks.execution.SkipOnlyIfTaskExecuter.execute(SkipOnlyIfTaskExecuter.java:74)
	at org.gradle.api.internal.tasks.execution.CatchExceptionTaskExecuter.execute(CatchExceptionTaskExecuter.java:36)
	at org.gradle.api.internal.tasks.execution.EventFiringTaskExecuter$1.executeTask(EventFiringTaskExecuter.java:77)
	at org.gradle.api.internal.tasks.execution.EventFiringTaskExecuter$1.call(EventFiringTaskExecuter.java:55)
	at org.gradle.api.internal.tasks.execution.EventFiringTaskExecuter$1.call(EventFiringTaskExecuter.java:52)
	at org.gradle.internal.operations.DefaultBuildOperationRunner$CallableBuildOperationWorker.execute(DefaultBuildOperationRunner.java:210)
	at org.gradle.internal.operations.DefaultBuildOperationRunner$CallableBuildOperationWorker.execute(DefaultBuildOperationRunner.java:205)
	at org.gradle.internal.operations.DefaultBuildOperationRunner$2.execute(DefaultBuildOperationRunner.java:67)
	at org.gradle.internal.operations.DefaultBuildOperationRunner$2.execute(DefaultBuildOperationRunner.java:60)
	at org.gradle.internal.operations.DefaultBuildOperationRunner.execute(DefaultBuildOperationRunner.java:167)
	at org.gradle.internal.operations.DefaultBuildOperationRunner.execute(DefaultBuildOperationRunner.java:60)
	at org.gradle.internal.operations.DefaultBuildOperationRunner.call(DefaultBuildOperationRunner.java:54)
	at org.gradle.api.internal.tasks.execution.EventFiringTaskExecuter.execute(EventFiringTaskExecuter.java:52)
	at org.gradle.execution.plan.DefaultNodeExecutor.executeLocalTaskNode(DefaultNodeExecutor.java:55)
	at org.gradle.execution.plan.DefaultNodeExecutor.execute(DefaultNodeExecutor.java:34)
	at org.gradle.execution.taskgraph.DefaultTaskExecutionGraph$InvokeNodeExecutorsAction.execute(DefaultTaskExecutionGraph.java:355)
	at org.gradle.execution.taskgraph.DefaultTaskExecutionGraph$InvokeNodeExecutorsAction.execute(DefaultTaskExecutionGraph.java:343)
	at org.gradle.execution.taskgraph.DefaultTaskExecutionGraph$BuildOperationAwareExecutionAction.lambda$execute$0(DefaultTaskExecutionGraph.java:339)
	at org.gradle.internal.operations.CurrentBuildOperationRef.with(CurrentBuildOperationRef.java:84)
	at org.gradle.execution.taskgraph.DefaultTaskExecutionGraph$BuildOperationAwareExecutionAction.execute(DefaultTaskExecutionGraph.java:339)
	at org.gradle.execution.taskgraph.DefaultTaskExecutionGraph$BuildOperationAwareExecutionAction.execute(DefaultTaskExecutionGraph.java:328)
	at org.gradle.execution.plan.DefaultPlanExecutor$ExecutorWorker.execute(DefaultPlanExecutor.java:459)
	at org.gradle.execution.plan.DefaultPlanExecutor$ExecutorWorker.run(DefaultPlanExecutor.java:376)
	at org.gradle.internal.concurrent.ExecutorPolicy$CatchAndRecordFailures.onExecute(ExecutorPolicy.java:64)
	at org.gradle.internal.concurrent.AbstractManagedExecutor$1.run(AbstractManagedExecutor.java:47)
Caused by: org.gradle.api.internal.exceptions.MarkedVerificationException: There were failing tests. See the report at: file://<repository-root>/modules/refactorkit-cli/build/reports/tests/packagedMavenModuleRenameQualificationTest/index.html
	at org.gradle.api.tasks.testing.AbstractTestTask.executeTests(AbstractTestTask.java:615)
	at org.gradle.api.tasks.testing.Test.executeTests(Test.java:760)
	at org.gradle.internal.reflect.JavaMethod.invoke(JavaMethod.java:125)
	at org.gradle.api.internal.project.taskfactory.StandardTaskAction.doExecute(StandardTaskAction.java:58)
	at org.gradle.api.internal.project.taskfactory.StandardTaskAction.execute(StandardTaskAction.java:51)
	at org.gradle.api.internal.project.taskfactory.StandardTaskAction.execute(StandardTaskAction.java:29)
	at org.gradle.api.internal.tasks.execution.TaskExecution$3.run(TaskExecution.java:259)
	at org.gradle.internal.operations.DefaultBuildOperationRunner$1.execute(DefaultBuildOperationRunner.java:30)
	at org.gradle.internal.operations.DefaultBuildOperationRunner$1.execute(DefaultBuildOperationRunner.java:27)
	at org.gradle.internal.operations.DefaultBuildOperationRunner$2.execute(DefaultBuildOperationRunner.java:67)
	at org.gradle.internal.operations.DefaultBuildOperationRunner$2.execute(DefaultBuildOperationRunner.java:60)
	at org.gradle.internal.operations.DefaultBuildOperationRunner.execute(DefaultBuildOperationRunner.java:167)
	at org.gradle.internal.operations.DefaultBuildOperationRunner.execute(DefaultBuildOperationRunner.java:60)
	at org.gradle.internal.operations.DefaultBuildOperationRunner.run(DefaultBuildOperationRunner.java:48)
	at org.gradle.api.internal.tasks.execution.TaskExecution.executeAction(TaskExecution.java:244)
	at org.gradle.api.internal.tasks.execution.TaskExecution.executeActions(TaskExecution.java:227)
	at org.gradle.api.internal.tasks.execution.TaskExecution.executeWithPreviousOutputFiles(TaskExecution.java:210)
	at org.gradle.api.internal.tasks.execution.TaskExecution.execute(TaskExecution.java:176)
	at org.gradle.internal.execution.steps.ExecuteStep.executeInternal(ExecuteStep.java:167)
	at org.gradle.internal.execution.steps.ExecuteStep.access$000(ExecuteStep.java:47)
	at org.gradle.internal.execution.steps.ExecuteStep$1.call(ExecuteStep.java:137)
	at org.gradle.internal.execution.steps.ExecuteStep$1.call(ExecuteStep.java:134)
	at org.gradle.internal.operations.DefaultBuildOperationRunner$CallableBuildOperationWorker.execute(DefaultBuildOperationRunner.java:210)
	at org.gradle.internal.operations.DefaultBuildOperationRunner$CallableBuildOperationWorker.execute(DefaultBuildOperationRunner.java:205)
	at org.gradle.internal.operations.DefaultBuildOperationRunner$2.execute(DefaultBuildOperationRunner.java:67)
	at org.gradle.internal.operations.DefaultBuildOperationRunner$2.execute(DefaultBuildOperationRunner.java:60)
	at org.gradle.internal.operations.DefaultBuildOperationRunner.execute(DefaultBuildOperationRunner.java:167)
	at org.gradle.internal.operations.DefaultBuildOperationRunner.execute(DefaultBuildOperationRunner.java:60)
	at org.gradle.internal.operations.DefaultBuildOperationRunner.call(DefaultBuildOperationRunner.java:54)
	at org.gradle.internal.execution.steps.ExecuteStep.execute(ExecuteStep.java:134)
	at org.gradle.internal.execution.steps.ExecuteStep$Mutable.execute(ExecuteStep.java:80)
	at org.gradle.internal.execution.steps.CancelExecutionStep.execute(CancelExecutionStep.java:42)
	at org.gradle.internal.execution.steps.TimeoutStep.executeWithoutTimeout(TimeoutStep.java:75)
	at org.gradle.internal.execution.steps.TimeoutStep.execute(TimeoutStep.java:55)
	at org.gradle.internal.execution.steps.PreCreateOutputParentsStep.execute(PreCreateOutputParentsStep.java:51)
	at org.gradle.internal.execution.steps.PreCreateOutputParentsStep.execute(PreCreateOutputParentsStep.java:29)
	at org.gradle.internal.execution.steps.RemovePreviousOutputsStep.executeMutable(RemovePreviousOutputsStep.java:67)
	at org.gradle.internal.execution.steps.RemovePreviousOutputsStep.executeMutable(RemovePreviousOutputsStep.java:39)
	at org.gradle.internal.execution.steps.MutableStep.execute(MutableStep.java:26)
	at org.gradle.internal.execution.steps.BroadcastChangingOutputsStep.execute(BroadcastChangingOutputsStep.java:42)
	at org.gradle.internal.execution.steps.BroadcastChangingOutputsStep.execute(BroadcastChangingOutputsStep.java:24)
	at org.gradle.internal.execution.steps.CaptureOutputsAfterExecutionStep.execute(CaptureOutputsAfterExecutionStep.java:69)
	at org.gradle.internal.execution.steps.CaptureOutputsAfterExecutionStep.execute(CaptureOutputsAfterExecutionStep.java:46)
	at org.gradle.internal.execution.steps.ResolveInputChangesStep.executeMutable(ResolveInputChangesStep.java:39)
	at org.gradle.internal.execution.steps.ResolveInputChangesStep.executeMutable(ResolveInputChangesStep.java:28)
	at org.gradle.internal.execution.steps.MutableStep.execute(MutableStep.java:26)
	at org.gradle.internal.execution.steps.BuildCacheStep.executeWithoutCache(BuildCacheStep.java:189)
	at org.gradle.internal.execution.steps.BuildCacheStep.lambda$execute$1(BuildCacheStep.java:76)
	at org.gradle.internal.Either$Right.fold(Either.java:176)
	at org.gradle.internal.execution.caching.CachingState.fold(CachingState.java:62)
	at org.gradle.internal.execution.steps.BuildCacheStep.execute(BuildCacheStep.java:74)
	at org.gradle.internal.execution.steps.BuildCacheStep.execute(BuildCacheStep.java:49)
	at org.gradle.internal.execution.steps.StoreExecutionStateStep.executeMutable(StoreExecutionStateStep.java:46)
	at org.gradle.internal.execution.steps.StoreExecutionStateStep.executeMutable(StoreExecutionStateStep.java:35)
	at org.gradle.internal.execution.steps.MutableStep.execute(MutableStep.java:26)
	at org.gradle.internal.execution.steps.SkipUpToDateStep.executeBecause(SkipUpToDateStep.java:75)
	at org.gradle.internal.execution.steps.SkipUpToDateStep.lambda$execute$2(SkipUpToDateStep.java:53)
	at org.gradle.internal.execution.steps.SkipUpToDateStep.execute(SkipUpToDateStep.java:53)
	at org.gradle.internal.execution.steps.SkipUpToDateStep.execute(SkipUpToDateStep.java:35)
	at org.gradle.internal.execution.steps.legacy.MarkSnapshottingInputsFinishedStep.execute(MarkSnapshottingInputsFinishedStep.java:37)
	at org.gradle.internal.execution.steps.legacy.MarkSnapshottingInputsFinishedStep.execute(MarkSnapshottingInputsFinishedStep.java:27)
	at org.gradle.internal.execution.steps.ResolveMutableCachingStateStep.executeDelegate(ResolveMutableCachingStateStep.java:70)
	at org.gradle.internal.execution.steps.ResolveMutableCachingStateStep.executeDelegate(ResolveMutableCachingStateStep.java:32)
	at org.gradle.internal.execution.steps.AbstractResolveCachingStateStep.execute(AbstractResolveCachingStateStep.java:69)
	at org.gradle.internal.execution.steps.AbstractResolveCachingStateStep.execute(AbstractResolveCachingStateStep.java:37)
	at org.gradle.internal.execution.steps.ResolveChangesStep.executeMutable(ResolveChangesStep.java:63)
	at org.gradle.internal.execution.steps.ResolveChangesStep.executeMutable(ResolveChangesStep.java:34)
	at org.gradle.internal.execution.steps.MutableStep.execute(MutableStep.java:26)
	at org.gradle.internal.execution.steps.ValidateStep$Mutable.executeDelegate(ValidateStep.java:79)
	at org.gradle.internal.execution.steps.ValidateStep$Mutable.executeDelegate(ValidateStep.java:65)
	at org.gradle.internal.execution.steps.ValidateStep.execute(ValidateStep.java:105)
	at org.gradle.internal.execution.steps.ValidateStep$Mutable.execute(ValidateStep.java:65)
	at org.gradle.internal.execution.steps.CaptureMutableStateBeforeExecutionStep.executeMutable(CaptureMutableStateBeforeExecutionStep.java:86)
	at org.gradle.internal.execution.steps.CaptureMutableStateBeforeExecutionStep.execute(CaptureMutableStateBeforeExecutionStep.java:65)
	at org.gradle.internal.execution.steps.CaptureMutableStateBeforeExecutionStep.execute(CaptureMutableStateBeforeExecutionStep.java:45)
	at org.gradle.internal.execution.steps.SkipEmptyMutableWorkStep.executeWithNonEmptySources(SkipEmptyMutableWorkStep.java:210)
	at org.gradle.internal.execution.steps.SkipEmptyMutableWorkStep.executeMutable(SkipEmptyMutableWorkStep.java:90)
	at org.gradle.internal.execution.steps.SkipEmptyMutableWorkStep.executeMutable(SkipEmptyMutableWorkStep.java:53)
	at org.gradle.internal.execution.steps.MutableStep.execute(MutableStep.java:26)
	at org.gradle.internal.execution.steps.legacy.MarkSnapshottingInputsStartedStep.execute(MarkSnapshottingInputsStartedStep.java:38)
	at org.gradle.internal.execution.steps.LoadPreviousExecutionStateStep.executeMutable(LoadPreviousExecutionStateStep.java:36)
	at org.gradle.internal.execution.steps.LoadPreviousExecutionStateStep.executeMutable(LoadPreviousExecutionStateStep.java:23)
	at org.gradle.internal.execution.steps.MutableStep.execute(MutableStep.java:26)
	at org.gradle.internal.execution.steps.HandleStaleOutputsStep.executeMutable(HandleStaleOutputsStep.java:77)
	at org.gradle.internal.execution.steps.HandleStaleOutputsStep.executeMutable(HandleStaleOutputsStep.java:43)
	at org.gradle.internal.execution.steps.MutableStep.execute(MutableStep.java:26)
	at org.gradle.internal.execution.steps.AssignMutableWorkspaceStep.lambda$executeMutable$0(AssignMutableWorkspaceStep.java:34)
	at org.gradle.api.internal.tasks.execution.TaskExecution$4.withWorkspace(TaskExecution.java:305)
	at org.gradle.internal.execution.steps.AssignMutableWorkspaceStep.executeMutable(AssignMutableWorkspaceStep.java:30)
	at org.gradle.internal.execution.steps.AssignMutableWorkspaceStep.executeMutable(AssignMutableWorkspaceStep.java:21)
	at org.gradle.internal.execution.steps.MutableStep.execute(MutableStep.java:26)
	at org.gradle.internal.execution.steps.ChoosePipelineStep.execute(ChoosePipelineStep.java:40)
	at org.gradle.internal.execution.steps.ChoosePipelineStep.execute(ChoosePipelineStep.java:23)
	at org.gradle.internal.execution.steps.ExecuteWorkBuildOperationFiringStep.lambda$execute$2(ExecuteWorkBuildOperationFiringStep.java:67)
	at org.gradle.internal.execution.steps.ExecuteWorkBuildOperationFiringStep.execute(ExecuteWorkBuildOperationFiringStep.java:67)
	at org.gradle.internal.execution.steps.ExecuteWorkBuildOperationFiringStep.execute(ExecuteWorkBuildOperationFiringStep.java:39)
	at org.gradle.internal.execution.steps.IdentityCacheStep.execute(IdentityCacheStep.java:46)
	at org.gradle.internal.execution.steps.IdentityCacheStep.execute(IdentityCacheStep.java:34)
	at org.gradle.internal.execution.steps.IdentifyStep.execute(IdentifyStep.java:56)
	at org.gradle.internal.execution.steps.IdentifyStep.execute(IdentifyStep.java:38)
	at org.gradle.internal.execution.impl.DefaultExecutionEngine$1.execute(DefaultExecutionEngine.java:68)
	at org.gradle.api.internal.tasks.execution.ExecuteActionsTaskExecuter.executeIfValid(ExecuteActionsTaskExecuter.java:132)
	... 30 more


Deprecated Gradle features were used in this build, making it incompatible with Gradle 10.

You can use '--warning-mode all' to show the individual deprecation warnings and determine if they come from your own scripts or plugins.

For more on this, please refer to https://docs.gradle.org/9.6.1/userguide/command_line_interface.html#sec:command_line_warnings in the Gradle documentation.

BUILD FAILED in 35s
39 actionable tasks: 39 executed
--- end gradle output ---
exitCode=1
